,tollgate_id,time_window,direction,volume_x,volume_y,reduce,reduce2
0,1,"[2016-10-25 17:00:00,2016-10-25 17:20:00)",0,37.7465,38.88,-0.0300292742373,-0.0291538065844
1,1,"[2016-10-26 17:00:00,2016-10-26 17:20:00)",0,51.3947,39.9,0.223655357459,0.288087719298
2,1,"[2016-10-27 17:00:00,2016-10-27 17:20:00)",0,48.8391,39.57,0.189788509616,0.234245640637
3,1,"[2016-10-28 17:00:00,2016-10-28 17:20:00)",0,75.1327,59.53,0.207668565086,0.262098101797
4,1,"[2016-10-29 17:00:00,2016-10-29 17:20:00)",0,38.7534,46.9,-0.210216393916,-0.173701492537
5,1,"[2016-10-30 17:00:00,2016-10-30 17:20:00)",0,118.22,108.85,0.079259008628,0.0860817638953
6,1,"[2016-10-31 17:00:00,2016-10-31 17:20:00)",0,111.45,86.98,0.21956034096,0.281329041159
7,1,"[2016-10-25 17:00:00,2016-10-25 17:20:00)",1,104.002,107.71,-0.0356531605161,-0.0344257729087
8,1,"[2016-10-26 17:00:00,2016-10-26 17:20:00)",1,104.184,111.09,-0.0662865699148,-0.0621658115042
9,1,"[2016-10-27 17:00:00,2016-10-27 17:20:00)",1,84.3943,93.17,-0.103984510802,-0.0941901899753
10,1,"[2016-10-28 17:00:00,2016-10-28 17:20:00)",1,93.8874,101.41,-0.0801236374636,-0.074180061138
11,1,"[2016-10-29 17:00:00,2016-10-29 17:20:00)",1,107.829,93.37,0.134091941871,0.154857020456
12,1,"[2016-10-30 17:00:00,2016-10-30 17:20:00)",1,110.983,108.91,0.0186785363524,0.0190340648242
13,1,"[2016-10-31 17:00:00,2016-10-31 17:20:00)",1,112.1,97.46,0.130597680642,0.150215473015
14,2,"[2016-10-25 17:00:00,2016-10-25 17:20:00)",0,92.6247,78.79,0.149362966898,0.17558954182
15,2,"[2016-10-26 17:00:00,2016-10-26 17:20:00)",0,89.5977,79.38,0.114039757717,0.128718820862
16,2,"[2016-10-27 17:00:00,2016-10-27 17:20:00)",0,84.7835,78.87,0.0697482411082,0.0749778115887
17,2,"[2016-10-28 17:00:00,2016-10-28 17:20:00)",0,79.7214,93.1,-0.167816922432,-0.143701396348
18,2,"[2016-10-29 17:00:00,2016-10-29 17:20:00)",0,84.3155,79.76,0.0540292117108,0.0571150952859
19,2,"[2016-10-30 17:00:00,2016-10-30 17:20:00)",0,18.4342,18.8,-0.0198435516594,-0.0194574468085
20,2,"[2016-10-31 17:00:00,2016-10-31 17:20:00)",0,13.7878,13.65,0.00999434282482,0.0100952380952
21,3,"[2016-10-25 17:00:00,2016-10-25 17:20:00)",0,124.934,116.26,0.0694286583316,0.0746086358163
22,3,"[2016-10-26 17:00:00,2016-10-26 17:20:00)",0,129.363,116.98,0.0957228883065,0.105855701829
23,3,"[2016-10-27 17:00:00,2016-10-27 17:20:00)",0,122.29,114.75,0.0616567176384,0.0657080610022
24,3,"[2016-10-28 17:00:00,2016-10-28 17:20:00)",0,140.51,142.56,-0.0145897089175,-0.0143799102132
25,3,"[2016-10-29 17:00:00,2016-10-29 17:20:00)",0,110.759,94.53,0.146525338799,0.171680947847
26,3,"[2016-10-30 17:00:00,2016-10-30 17:20:00)",0,148.971,116.47,0.218169979392,0.279050399244
27,3,"[2016-10-31 17:00:00,2016-10-31 17:20:00)",0,120.968,109.76,0.0926526023411,0.102113702624
28,3,"[2016-10-25 17:00:00,2016-10-25 17:20:00)",1,105.662,92.71,0.1225795461,0.139704454751
29,3,"[2016-10-26 17:00:00,2016-10-26 17:20:00)",1,83.7313,95.03,-0.134939980629,-0.118896138062
30,3,"[2016-10-27 17:00:00,2016-10-27 17:20:00)",1,113.823,101.89,0.104838213718,0.117116498184
31,3,"[2016-10-28 17:00:00,2016-10-28 17:20:00)",1,126.94,93.07,0.266818969592,0.363919630386
32,3,"[2016-10-29 17:00:00,2016-10-29 17:20:00)",1,75.7166,84.24,-0.112569766735,-0.101179962013
33,3,"[2016-10-30 17:00:00,2016-10-30 17:20:00)",1,92.4112,108.92,-0.178645012726,-0.151568123393
34,3,"[2016-10-31 17:00:00,2016-10-31 17:20:00)",1,95.9438,78.21,0.184835288992,0.226745940417
35,1,"[2016-10-25 08:00:00,2016-10-25 08:20:00)",0,45.3751,48.75,-0.0743777975145,-0.0692287179487
36,1,"[2016-10-26 08:00:00,2016-10-26 08:20:00)",0,47.7576,47.69,0.00141548151498,0.00141748794296
37,1,"[2016-10-27 08:00:00,2016-10-27 08:20:00)",0,41.3508,47.55,-0.149917293015,-0.130372239748
38,1,"[2016-10-28 08:00:00,2016-10-28 08:20:00)",0,39.2697,47.66,-0.213658367647,-0.176044901385
39,1,"[2016-10-29 08:00:00,2016-10-29 08:20:00)",0,39.4174,33.33,0.154434336105,0.182640264026
40,1,"[2016-10-30 08:00:00,2016-10-30 08:20:00)",0,64.4651,76.26,-0.182965666694,-0.154666928927
41,1,"[2016-10-31 08:00:00,2016-10-31 08:20:00)",0,118.986,125.0,-0.0505437614509,-0.048112
42,1,"[2016-10-25 08:00:00,2016-10-25 08:20:00)",1,127.587,119.66,0.0621301543261,0.0662460304195
43,1,"[2016-10-26 08:00:00,2016-10-26 08:20:00)",1,121.643,109.57,0.0992494430423,0.110185269691
44,1,"[2016-10-27 08:00:00,2016-10-27 08:20:00)",1,110.401,111.42,-0.0092299888588,-0.00914557530066
45,1,"[2016-10-28 08:00:00,2016-10-28 08:20:00)",1,109.091,113.8,-0.0431657973618,-0.0413796133568
46,1,"[2016-10-29 08:00:00,2016-10-29 08:20:00)",1,105.38,107.19,-0.0171759347125,-0.0168859035358
47,1,"[2016-10-30 08:00:00,2016-10-30 08:20:00)",1,98.9931,83.88,0.15266821627,0.180175250358
48,1,"[2016-10-31 08:00:00,2016-10-31 08:20:00)",1,111.51,124.88,-0.119899560578,-0.107062780269
49,2,"[2016-10-25 08:00:00,2016-10-25 08:20:00)",0,114.966,119.65,-0.0407424803855,-0.0391475135813
50,2,"[2016-10-26 08:00:00,2016-10-26 08:20:00)",0,105.902,113.76,-0.0742006760968,-0.0690752461322
51,2,"[2016-10-27 08:00:00,2016-10-27 08:20:00)",0,117.812,109.35,0.0718262995281,0.0773845450389
52,2,"[2016-10-28 08:00:00,2016-10-28 08:20:00)",0,106.814,113.62,-0.0637182391821,-0.0599014258053
53,2,"[2016-10-29 08:00:00,2016-10-29 08:20:00)",0,79.0606,71.81,0.0917093976013,0.100969224342
54,2,"[2016-10-30 08:00:00,2016-10-30 08:20:00)",0,14.6213,13.99,0.0431767353108,0.0451250893495
55,2,"[2016-10-31 08:00:00,2016-10-31 08:20:00)",0,65.986,59.79,0.0938987057861,0.10362936946
56,3,"[2016-10-25 08:00:00,2016-10-25 08:20:00)",0,126.126,158.32,-0.255252683824,-0.203347650328
57,3,"[2016-10-26 08:00:00,2016-10-26 08:20:00)",0,165.934,150.73,0.0916267913749,0.100869103695
58,3,"[2016-10-27 08:00:00,2016-10-27 08:20:00)",0,166.912,151.37,0.093114934816,0.10267556319
59,3,"[2016-10-28 08:00:00,2016-10-28 08:20:00)",0,141.416,148.34,-0.0489619279289,-0.0466765538627
60,3,"[2016-10-29 08:00:00,2016-10-29 08:20:00)",0,116.456,112.48,0.0341416500653,0.0353485064011
61,3,"[2016-10-30 08:00:00,2016-10-30 08:20:00)",0,113.619,110.74,0.0253390718102,0.0259978327614
62,3,"[2016-10-31 08:00:00,2016-10-31 08:20:00)",0,195.174,171.46,0.121501839384,0.13830631051
63,3,"[2016-10-25 08:00:00,2016-10-25 08:20:00)",1,121.866,115.32,0.0537147358574,0.0567637877211
64,3,"[2016-10-26 08:00:00,2016-10-26 08:20:00)",1,116.537,112.95,0.0307799239726,0.0317574147853
65,3,"[2016-10-27 08:00:00,2016-10-27 08:20:00)",1,118.27,117.93,0.00287477805022,0.00288306622573
66,3,"[2016-10-28 08:00:00,2016-10-28 08:20:00)",1,120.613,90.81,0.24709608417,0.328190727893
67,3,"[2016-10-29 08:00:00,2016-10-29 08:20:00)",1,105.331,84.85,0.194444180726,0.241378903948
68,3,"[2016-10-30 08:00:00,2016-10-30 08:20:00)",1,97.6286,83.62,0.143488690814,0.167526907438
69,3,"[2016-10-31 08:00:00,2016-10-31 08:20:00)",1,119.871,125.94,-0.0506294266336,-0.048189614102
70,1,"[2016-10-25 17:20:00,2016-10-25 17:40:00)",0,43.9223,33.74,0.231825291481,0.301787196206
71,1,"[2016-10-26 17:20:00,2016-10-26 17:40:00)",0,44.506,37.57,0.155844155844,0.184615384615
72,1,"[2016-10-27 17:20:00,2016-10-27 17:40:00)",0,35.8114,39.55,-0.104396923885,-0.0945284450063
73,1,"[2016-10-28 17:20:00,2016-10-28 17:40:00)",0,61.4034,44.62,0.273330141328,0.376140744061
74,1,"[2016-10-29 17:20:00,2016-10-29 17:40:00)",0,43.7897,41.1,0.0614231200488,0.0654428223844
75,1,"[2016-10-30 17:20:00,2016-10-30 17:40:00)",0,119.496,112.53,0.0582948383209,0.061903492402
76,1,"[2016-10-31 17:20:00,2016-10-31 17:40:00)",0,89.0009,89.6,-0.00673139260389,-0.00668638392857
77,1,"[2016-10-25 17:20:00,2016-10-25 17:40:00)",1,108.39,114.82,-0.0593228157579,-0.0560006967427
78,1,"[2016-10-26 17:20:00,2016-10-26 17:40:00)",1,117.905,112.33,0.0472838302023,0.0496305528354
79,1,"[2016-10-27 17:20:00,2016-10-27 17:40:00)",1,97.1043,103.01,-0.0608181100116,-0.0573313270556
80,1,"[2016-10-28 17:20:00,2016-10-28 17:40:00)",1,106.631,112.67,-0.0566345621817,-0.0535990059466
81,1,"[2016-10-29 17:20:00,2016-10-29 17:40:00)",1,87.6302,101.07,-0.153369500469,-0.132975165727
82,1,"[2016-10-30 17:20:00,2016-10-30 17:40:00)",1,109.029,113.09,-0.0372469709894,-0.0359094526483
83,1,"[2016-10-31 17:20:00,2016-10-31 17:40:00)",1,78.4196,108.62,-0.385112905447,-0.278037193887
84,2,"[2016-10-25 17:20:00,2016-10-25 17:40:00)",0,51.7058,71.01,-0.373346897253,-0.271851851852
85,2,"[2016-10-26 17:20:00,2016-10-26 17:40:00)",0,75.2615,76.64,-0.0183161377331,-0.017986691023
86,2,"[2016-10-27 17:20:00,2016-10-27 17:40:00)",0,67.9205,56.27,0.171531422766,0.207046383508
87,2,"[2016-10-28 17:20:00,2016-10-28 17:40:00)",0,107.827,87.68,0.186845595259,0.229778740876
88,2,"[2016-10-29 17:20:00,2016-10-29 17:40:00)",0,76.8825,74.77,0.0274769941144,0.0282533101511
89,2,"[2016-10-30 17:20:00,2016-10-30 17:40:00)",0,42.8319,19.94,0.534459129761,1.14803911735
90,2,"[2016-10-31 17:20:00,2016-10-31 17:40:00)",0,15.7884,17.62,-0.11600922196,-0.103950056754
91,3,"[2016-10-25 17:20:00,2016-10-25 17:40:00)",0,132.706,120.84,0.0894157008726,0.0981959616021
92,3,"[2016-10-26 17:20:00,2016-10-26 17:40:00)",0,147.292,126.86,0.138717649295,0.161059435598
93,3,"[2016-10-27 17:20:00,2016-10-27 17:40:00)",0,128.665,112.2,0.12796797886,0.14674688057
94,3,"[2016-10-28 17:20:00,2016-10-28 17:40:00)",0,129.787,128.25,0.0118424803717,0.0119844054581
95,3,"[2016-10-29 17:20:00,2016-10-29 17:40:00)",0,120.655,101.03,0.162653847748,0.194249232901
96,3,"[2016-10-30 17:20:00,2016-10-30 17:40:00)",0,90.4585,124.76,-0.379195984899,-0.274939884578
97,3,"[2016-10-31 17:20:00,2016-10-31 17:40:00)",0,85.672,111.73,-0.304160052292,-0.233222948179
98,3,"[2016-10-25 17:20:00,2016-10-25 17:40:00)",1,100.215,93.75,0.0645113007035,0.06896
99,3,"[2016-10-26 17:20:00,2016-10-26 17:40:00)",1,88.8687,92.79,-0.0441246468104,-0.0422599418041
100,3,"[2016-10-27 17:20:00,2016-10-27 17:40:00)",1,101.545,111.36,-0.0966566546851,-0.0881375718391
101,3,"[2016-10-28 17:20:00,2016-10-28 17:40:00)",1,73.8209,93.47,-0.26617258798,-0.210218251846
102,3,"[2016-10-29 17:20:00,2016-10-29 17:40:00)",1,90.9794,91.39,-0.00451310956107,-0.00449283291389
103,3,"[2016-10-30 17:20:00,2016-10-30 17:40:00)",1,91.8946,111.2,-0.210081985231,-0.17360971223
104,3,"[2016-10-31 17:20:00,2016-10-31 17:40:00)",1,63.1932,69.25,-0.095845755556,-0.0874628158845
105,1,"[2016-10-25 08:20:00,2016-10-25 08:40:00)",0,61.9771,57.19,0.0772398192236,0.0837051932156
106,1,"[2016-10-26 08:20:00,2016-10-26 08:40:00)",0,52.5849,52.79,-0.0039003592286,-0.00388520553135
107,1,"[2016-10-27 08:20:00,2016-10-27 08:40:00)",0,53.9717,49.84,0.0765530824488,0.0828992776886
108,1,"[2016-10-28 08:20:00,2016-10-28 08:40:00)",0,52.2187,49.57,0.0507232083526,0.0534335283438
109,1,"[2016-10-29 08:20:00,2016-10-29 08:40:00)",0,34.5728,37.22,-0.0765688633839,-0.0711230521225
110,1,"[2016-10-30 08:20:00,2016-10-30 08:40:00)",0,62.7118,77.96,-0.243147222692,-0.195590046178
111,1,"[2016-10-31 08:20:00,2016-10-31 08:40:00)",0,124.633,123.16,0.0118186997023,0.0119600519649
112,1,"[2016-10-25 08:20:00,2016-10-25 08:40:00)",1,133.675,121.26,0.0928745090705,0.102383308593
113,1,"[2016-10-26 08:20:00,2016-10-26 08:40:00)",1,155.428,110.3,0.290346655686,0.409138712602
114,1,"[2016-10-27 08:20:00,2016-10-27 08:40:00)",1,131.681,116.21,0.117488475938,0.133129679029
115,1,"[2016-10-28 08:20:00,2016-10-28 08:40:00)",1,112.372,122.27,-0.0880824404656,-0.0809519914942
116,1,"[2016-10-29 08:20:00,2016-10-29 08:40:00)",1,95.5133,105.12,-0.100579709841,-0.0913879375951
117,1,"[2016-10-30 08:20:00,2016-10-30 08:40:00)",1,100.308,90.58,0.0969812976034,0.10739677633
118,1,"[2016-10-31 08:20:00,2016-10-31 08:40:00)",1,132.112,122.79,0.0705613418917,0.0759182343839
119,2,"[2016-10-25 08:20:00,2016-10-25 08:40:00)",0,93.5351,113.49,-0.213341301821,-0.17582958851
120,2,"[2016-10-26 08:20:00,2016-10-26 08:40:00)",0,100.419,110.86,-0.103974347484,-0.0941818509832
121,2,"[2016-10-27 08:20:00,2016-10-27 08:40:00)",0,120.834,112.35,0.0702120264164,0.0755140186916
122,2,"[2016-10-28 08:20:00,2016-10-28 08:40:00)",0,113.245,113.9,-0.00578391981986,-0.00575065847234
123,2,"[2016-10-29 08:20:00,2016-10-29 08:40:00)",0,72.9818,71.66,0.0181113647512,0.0184454367848
124,2,"[2016-10-30 08:20:00,2016-10-30 08:40:00)",0,15.4872,16.3,-0.0524820496926,-0.0498650306748
125,2,"[2016-10-31 08:20:00,2016-10-31 08:40:00)",0,48.9935,59.92,-0.223019380122,-0.182351468625
126,3,"[2016-10-25 08:20:00,2016-10-25 08:40:00)",0,162.865,149.15,0.0842108494766,0.0919544083138
127,3,"[2016-10-26 08:20:00,2016-10-26 08:40:00)",0,160.977,149.15,0.0734701230611,0.0792960107275
128,3,"[2016-10-27 08:20:00,2016-10-27 08:40:00)",0,144.113,155.12,-0.0763775648276,-0.0709579680248
129,3,"[2016-10-28 08:20:00,2016-10-28 08:40:00)",0,131.545,152.29,-0.157702687293,-0.136220369033
130,3,"[2016-10-29 08:20:00,2016-10-29 08:40:00)",0,87.5923,120.63,-0.377175847649,-0.273876316008
131,3,"[2016-10-30 08:20:00,2016-10-30 08:40:00)",0,100.103,123.09,-0.229633477518,-0.186749532862
132,3,"[2016-10-31 08:20:00,2016-10-31 08:40:00)",0,167.972,173.97,-0.0357083323411,-0.0344772087141
133,3,"[2016-10-25 08:20:00,2016-10-25 08:40:00)",1,115.262,116.25,-0.00857177560688,-0.00849892473118
134,3,"[2016-10-26 08:20:00,2016-10-26 08:40:00)",1,109.301,120.91,-0.106211288094,-0.0960135638078
135,3,"[2016-10-27 08:20:00,2016-10-27 08:40:00)",1,95.3903,113.96,-0.194670736962,-0.162949280449
136,3,"[2016-10-28 08:20:00,2016-10-28 08:40:00)",1,103.395,108.48,-0.0491803278689,-0.046875
137,3,"[2016-10-29 08:20:00,2016-10-29 08:40:00)",1,77.0964,90.68,-0.176189809122,-0.149797088663
138,3,"[2016-10-30 08:20:00,2016-10-30 08:40:00)",1,90.4129,85.78,0.051241581677,0.0540090930287
139,3,"[2016-10-31 08:20:00,2016-10-31 08:40:00)",1,132.272,132.1,0.00130035079231,0.00130204390613
140,1,"[2016-10-25 17:40:00,2016-10-25 18:00:00)",0,27.2876,32.21,-0.180389627523,-0.152822104936
141,1,"[2016-10-26 17:40:00,2016-10-26 18:00:00)",0,30.5017,26.91,0.117754092395,0.133470828688
142,1,"[2016-10-27 17:40:00,2016-10-27 18:00:00)",0,29.3103,32.48,-0.108142871277,-0.0975892857143
143,1,"[2016-10-28 17:40:00,2016-10-28 18:00:00)",0,45.0833,39.74,0.118520605191,0.134456467036
144,1,"[2016-10-29 17:40:00,2016-10-29 18:00:00)",0,36.2188,36.02,0.0054888621379,0.00551915602443
145,1,"[2016-10-30 17:40:00,2016-10-30 18:00:00)",0,45.5239,99.05,-1.17578019458,-0.540394750126
146,1,"[2016-10-31 17:40:00,2016-10-31 18:00:00)",0,52.7729,91.41,-0.732139033481,-0.42267913795
147,1,"[2016-10-25 17:40:00,2016-10-25 18:00:00)",1,121.137,113.18,0.065685958873,0.0703039406256
148,1,"[2016-10-26 17:40:00,2016-10-26 18:00:00)",1,113.336,113.12,0.00190583750971,0.00190947666195
149,1,"[2016-10-27 17:40:00,2016-10-27 18:00:00)",1,100.237,113.72,-0.134511208436,-0.118563137531
150,1,"[2016-10-28 17:40:00,2016-10-28 18:00:00)",1,122.971,127.32,-0.035366061917,-0.0341580270185
151,1,"[2016-10-29 17:40:00,2016-10-29 18:00:00)",1,102.356,104.21,-0.0181132517879,-0.0177909989444
152,1,"[2016-10-30 17:40:00,2016-10-30 18:00:00)",1,108.806,103.63,0.0475709060162,0.0499469265657
153,1,"[2016-10-31 17:40:00,2016-10-31 18:00:00)",1,110.368,104.88,0.0497245578429,0.0523264683448
154,2,"[2016-10-25 17:40:00,2016-10-25 18:00:00)",0,49.9965,73.73,-0.474703229226,-0.321897463719
155,2,"[2016-10-26 17:40:00,2016-10-26 18:00:00)",0,69.9043,74.58,-0.0668871585868,-0.0626937516761
156,2,"[2016-10-27 17:40:00,2016-10-27 18:00:00)",0,57.7908,73.47,-0.271309620216,-0.21340955492
157,2,"[2016-10-28 17:40:00,2016-10-28 18:00:00)",0,81.8976,85.37,-0.042399288868,-0.0406747100855
158,2,"[2016-10-29 17:40:00,2016-10-29 18:00:00)",0,62.7885,74.03,-0.179037562611,-0.151850601108
159,2,"[2016-10-30 17:40:00,2016-10-30 18:00:00)",0,43.0648,19.93,0.537209043116,1.16080280983
160,2,"[2016-10-31 17:40:00,2016-10-31 18:00:00)",0,49.9247,15.96,0.680318559751,2.12811403509
161,3,"[2016-10-25 17:40:00,2016-10-25 18:00:00)",0,108.455,107.44,0.00935872020654,0.00944713328369
162,3,"[2016-10-26 17:40:00,2016-10-26 18:00:00)",0,107.625,113.21,-0.0518931475029,-0.0493330977829
163,3,"[2016-10-27 17:40:00,2016-10-27 18:00:00)",0,109.008,108.95,0.000532071040657,0.000532354290959
164,3,"[2016-10-28 17:40:00,2016-10-28 18:00:00)",0,114.857,134.14,-0.167887024735,-0.143752795587
165,3,"[2016-10-29 17:40:00,2016-10-29 18:00:00)",0,93.3918,91.72,0.0179009292036,0.0182272132577
166,3,"[2016-10-30 17:40:00,2016-10-30 18:00:00)",0,94.248,108.46,-0.150793650794,-0.131034482759
167,3,"[2016-10-31 17:40:00,2016-10-31 18:00:00)",0,114.241,97.42,0.147241358181,0.172664750565
168,3,"[2016-10-25 17:40:00,2016-10-25 18:00:00)",1,99.558,96.51,0.0306153197131,0.0315822194591
169,3,"[2016-10-26 17:40:00,2016-10-26 18:00:00)",1,77.5139,98.95,-0.276545238983,-0.216635674583
170,3,"[2016-10-27 17:40:00,2016-10-27 18:00:00)",1,100.922,99.21,0.0169635956481,0.0172563249672
171,3,"[2016-10-28 17:40:00,2016-10-28 18:00:00)",1,80.1007,98.65,-0.231574755277,-0.188031424227
172,3,"[2016-10-29 17:40:00,2016-10-29 18:00:00)",1,79.8787,84.84,-0.0621104249318,-0.0584783121169
173,3,"[2016-10-30 17:40:00,2016-10-30 18:00:00)",1,75.2738,98.94,-0.314401558045,-0.23919749343
174,3,"[2016-10-31 17:40:00,2016-10-31 18:00:00)",1,74.573,74.53,0.000576616201574,0.000576948879646
175,1,"[2016-10-25 08:40:00,2016-10-25 09:00:00)",0,51.9441,56.61,-0.0898254084679,-0.0824218335983
176,1,"[2016-10-26 08:40:00,2016-10-26 09:00:00)",0,41.9673,49.11,-0.170196796077,-0.145442883323
177,1,"[2016-10-27 08:40:00,2016-10-27 09:00:00)",0,45.3551,53.12,-0.171202356516,-0.146176581325
178,1,"[2016-10-28 08:40:00,2016-10-28 09:00:00)",0,49.4994,49.27,0.00463439960888,0.00465597726811
179,1,"[2016-10-29 08:40:00,2016-10-29 09:00:00)",0,45.2705,36.63,0.190863807557,0.235885885886
180,1,"[2016-10-30 08:40:00,2016-10-30 09:00:00)",0,84.785,86.52,-0.0204635253877,-0.0200531668978
181,1,"[2016-10-31 08:40:00,2016-10-31 09:00:00)",0,121.677,116.98,0.038602200909,0.0401521627629
182,1,"[2016-10-25 08:40:00,2016-10-25 09:00:00)",1,111.686,125.85,-0.126819834178,-0.112546682559
183,1,"[2016-10-26 08:40:00,2016-10-26 09:00:00)",1,138.686,121.15,0.126443909263,0.144746182418
184,1,"[2016-10-27 08:40:00,2016-10-27 09:00:00)",1,113.999,131.88,-0.15685225309,-0.135585380649
185,1,"[2016-10-28 08:40:00,2016-10-28 09:00:00)",1,125.344,120.21,0.0409592800613,0.0427085932951
186,1,"[2016-10-29 08:40:00,2016-10-29 09:00:00)",1,108.106,108.66,-0.0051245999297,-0.00509847229891
187,1,"[2016-10-30 08:40:00,2016-10-30 09:00:00)",1,88.9912,95.14,-0.0690944722624,-0.0646289678369
188,1,"[2016-10-31 08:40:00,2016-10-31 09:00:00)",1,135.157,121.33,0.102303247335,0.113961922031
189,2,"[2016-10-25 08:40:00,2016-10-25 09:00:00)",0,113.911,114.81,-0.00789212630914,-0.00783032836861
190,2,"[2016-10-26 08:40:00,2016-10-26 09:00:00)",0,117.5,103.04,0.123063829787,0.140333850932
191,2,"[2016-10-27 08:40:00,2016-10-27 09:00:00)",0,125.704,112.45,0.105438172214,0.117865718097
192,2,"[2016-10-28 08:40:00,2016-10-28 09:00:00)",0,122.693,113.63,0.0738672947927,0.0797588664965
193,2,"[2016-10-29 08:40:00,2016-10-29 09:00:00)",0,89.206,86.45,0.0308947828621,0.0318796992481
194,2,"[2016-10-30 08:40:00,2016-10-30 09:00:00)",0,36.637,16.52,0.549089718045,1.21773607748
195,2,"[2016-10-31 08:40:00,2016-10-31 09:00:00)",0,50.1783,78.48,-0.564022695069,-0.360623088685
196,3,"[2016-10-25 08:40:00,2016-10-25 09:00:00)",0,145.186,155.82,-0.073243976692,-0.0682454113721
197,3,"[2016-10-26 08:40:00,2016-10-26 09:00:00)",0,159.74,152.19,0.0472643044948,0.0496090413299
198,3,"[2016-10-27 08:40:00,2016-10-27 09:00:00)",0,150.319,151.56,-0.0082557760496,-0.00818817629982
199,3,"[2016-10-28 08:40:00,2016-10-28 09:00:00)",0,139.586,148.41,-0.0632155087186,-0.0594569099117
200,3,"[2016-10-29 08:40:00,2016-10-29 09:00:00)",0,116.168,132.05,-0.136715790923,-0.120272624006
201,3,"[2016-10-30 08:40:00,2016-10-30 09:00:00)",0,120.479,131.28,-0.0896504785066,-0.082274527727
202,3,"[2016-10-31 08:40:00,2016-10-31 09:00:00)",0,191.336,169.39,0.114698749843,0.129559005845
203,3,"[2016-10-25 08:40:00,2016-10-25 09:00:00)",1,148.763,132.3,0.110665958605,0.124436885865
204,3,"[2016-10-26 08:40:00,2016-10-26 09:00:00)",1,135.068,131.93,0.0232327420262,0.023785340711
205,3,"[2016-10-27 08:40:00,2016-10-27 09:00:00)",1,137.945,139.13,-0.008590380224,-0.00851721411629
206,3,"[2016-10-28 08:40:00,2016-10-28 09:00:00)",1,107.446,121.03,-0.126426297861,-0.112236635545
207,3,"[2016-10-29 08:40:00,2016-10-29 09:00:00)",1,127.632,102.08,0.200200576658,0.250313479624
208,3,"[2016-10-30 08:40:00,2016-10-30 09:00:00)",1,128.282,101.66,0.207527166711,0.261872909699
209,3,"[2016-10-31 08:40:00,2016-10-31 09:00:00)",1,156.291,150.29,0.0383963248044,0.0399294696919
210,1,"[2016-10-25 18:00:00,2016-10-25 18:20:00)",0,26.3787,30.8,-0.167608714607,-0.143548701299
211,1,"[2016-10-26 18:00:00,2016-10-26 18:20:00)",0,30.5145,27.58,0.0961673958282,0.106399564902
212,1,"[2016-10-27 18:00:00,2016-10-27 18:20:00)",0,29.1994,27.33,0.0640218634629,0.0684010245152
213,1,"[2016-10-28 18:00:00,2016-10-28 18:20:00)",0,31.7253,39.3,-0.238758971546,-0.192740458015
214,1,"[2016-10-29 18:00:00,2016-10-29 18:20:00)",0,29.3303,31.53,-0.0749975281535,-0.0697653028861
215,1,"[2016-10-30 18:00:00,2016-10-30 18:20:00)",0,77.2949,62.51,0.191279114146,0.236520556711
216,1,"[2016-10-31 18:00:00,2016-10-31 18:20:00)",0,68.0061,49.96,0.265360019175,0.361210968775
217,1,"[2016-10-25 18:00:00,2016-10-25 18:20:00)",1,83.0612,75.86,0.0866975194194,0.0949274980227
218,1,"[2016-10-26 18:00:00,2016-10-26 18:20:00)",1,74.8449,79.12,-0.0571194563691,-0.0540331142568
219,1,"[2016-10-27 18:00:00,2016-10-27 18:20:00)",1,67.5667,72.32,-0.0703497432907,-0.0657259402655
220,1,"[2016-10-28 18:00:00,2016-10-28 18:20:00)",1,84.4414,79.4,0.0597029419219,0.0634937027708
221,1,"[2016-10-29 18:00:00,2016-10-29 18:20:00)",1,74.0953,75.99,-0.0255711225948,-0.0249335438874
222,1,"[2016-10-30 18:00:00,2016-10-30 18:20:00)",1,79.8482,56.47,0.292783055848,0.413993270763
223,1,"[2016-10-31 18:00:00,2016-10-31 18:20:00)",1,75.801,49.0,0.35357053337,0.546959183673
224,2,"[2016-10-25 18:00:00,2016-10-25 18:20:00)",0,65.487,57.48,0.122268541848,0.139300626305
225,2,"[2016-10-26 18:00:00,2016-10-26 18:20:00)",0,61.5498,61.94,-0.00633958193203,-0.00629964481757
226,2,"[2016-10-27 18:00:00,2016-10-27 18:20:00)",0,40.696,50.73,-0.246559858463,-0.197792233392
227,2,"[2016-10-28 18:00:00,2016-10-28 18:20:00)",0,60.4937,61.71,-0.0201062259376,-0.0197099335602
228,2,"[2016-10-29 18:00:00,2016-10-29 18:20:00)",0,69.1573,56.28,0.186203047256,0.228807746979
229,2,"[2016-10-30 18:00:00,2016-10-30 18:20:00)",0,9.30924,16.37,-0.758467930787,-0.431323152108
230,2,"[2016-10-31 18:00:00,2016-10-31 18:20:00)",0,25.5677,14.66,0.426620306089,0.744045020464
231,3,"[2016-10-25 18:00:00,2016-10-25 18:20:00)",0,109.259,81.43,0.254706706084,0.341753653445
232,3,"[2016-10-26 18:00:00,2016-10-26 18:20:00)",0,95.0308,91.35,0.038732705607,0.040293377121
233,3,"[2016-10-27 18:00:00,2016-10-27 18:20:00)",0,102.162,73.9,0.276639063448,0.382435723951
234,3,"[2016-10-28 18:00:00,2016-10-28 18:20:00)",0,64.8404,94.5,-0.457424692013,-0.313858201058
235,3,"[2016-10-29 18:00:00,2016-10-29 18:20:00)",0,92.0638,58.46,0.365005572223,0.574816968868
236,3,"[2016-10-30 18:00:00,2016-10-30 18:20:00)",0,69.4929,80.52,-0.158679519778,-0.136948584203
237,3,"[2016-10-31 18:00:00,2016-10-31 18:20:00)",0,96.2664,65.94,0.315025803396,0.459909008189
238,3,"[2016-10-25 18:00:00,2016-10-25 18:20:00)",1,85.876,76.39,0.110461595789,0.124178557403
239,3,"[2016-10-26 18:00:00,2016-10-26 18:20:00)",1,85.0948,76.78,0.0977121986302,0.108293826517
240,3,"[2016-10-27 18:00:00,2016-10-27 18:20:00)",1,89.8145,76.08,0.152920742196,0.180527076761
241,3,"[2016-10-28 18:00:00,2016-10-28 18:20:00)",1,81.1862,77.84,0.0412163643575,0.0429881808839
242,3,"[2016-10-29 18:00:00,2016-10-29 18:20:00)",1,75.5133,76.13,-0.0081667732704,-0.00810061736503
243,3,"[2016-10-30 18:00:00,2016-10-30 18:20:00)",1,72.7285,51.22,0.29573688444,0.419923857868
244,3,"[2016-10-31 18:00:00,2016-10-31 18:20:00)",1,68.4119,47.27,0.309038339821,0.447258303364
245,1,"[2016-10-25 09:00:00,2016-10-25 09:20:00)",0,46.3433,53.31,-0.150328094892,-0.130682798724
246,1,"[2016-10-26 09:00:00,2016-10-26 09:20:00)",0,43.7161,60.85,-0.391935694172,-0.281576006574
247,1,"[2016-10-27 09:00:00,2016-10-27 09:20:00)",0,44.1598,49.68,-0.125005095132,-0.111115136876
248,1,"[2016-10-28 09:00:00,2016-10-28 09:20:00)",0,45.0656,53.49,-0.186936377192,-0.157494858852
249,1,"[2016-10-29 09:00:00,2016-10-29 09:20:00)",0,40.0001,33.73,0.15675210812,0.18589089831
250,1,"[2016-10-30 09:00:00,2016-10-30 09:20:00)",0,74.8749,86.8,-0.159266990674,-0.1373859447
251,1,"[2016-10-31 09:00:00,2016-10-31 09:20:00)",0,97.5405,115.17,-0.180740307872,-0.153073717114
252,1,"[2016-10-25 09:00:00,2016-10-25 09:20:00)",1,124.621,129.91,-0.0424406801422,-0.04071280117
253,1,"[2016-10-26 09:00:00,2016-10-26 09:20:00)",1,111.857,118.66,-0.0608187239064,-0.0573318725771
254,1,"[2016-10-27 09:00:00,2016-10-27 09:20:00)",1,122.068,119.95,0.0173509846971,0.0176573572322
255,1,"[2016-10-28 09:00:00,2016-10-28 09:20:00)",1,118.685,128.95,-0.0864894468551,-0.0796044978674
256,1,"[2016-10-29 09:00:00,2016-10-29 09:20:00)",1,99.0273,111.6,-0.126961958975,-0.112658602151
257,1,"[2016-10-30 09:00:00,2016-10-30 09:20:00)",1,102.236,97.53,0.0460307523769,0.0482518199528
258,1,"[2016-10-31 09:00:00,2016-10-31 09:20:00)",1,97.1315,128.95,-0.327581680505,-0.246750678558
259,2,"[2016-10-25 09:00:00,2016-10-25 09:20:00)",0,93.397,105.23,-0.126695718278,-0.11244892141
260,2,"[2016-10-26 09:00:00,2016-10-26 09:20:00)",0,92.6898,96.83,-0.0446672665169,-0.0427574098936
261,2,"[2016-10-27 09:00:00,2016-10-27 09:20:00)",0,112.329,108.33,0.035600779852,0.0369149819994
262,2,"[2016-10-28 09:00:00,2016-10-28 09:20:00)",0,115.617,104.96,0.092175026164,0.101533917683
263,2,"[2016-10-29 09:00:00,2016-10-29 09:20:00)",0,78.4493,76.93,0.0193666482684,0.019749122579
264,2,"[2016-10-30 09:00:00,2016-10-30 09:20:00)",0,30.4676,17.36,0.430214391682,0.755046082949
265,2,"[2016-10-31 09:00:00,2016-10-31 09:20:00)",0,65.7192,80.43,-0.223843260417,-0.182901902275
266,3,"[2016-10-25 09:00:00,2016-10-25 09:20:00)",0,131.056,149.12,-0.137834208277,-0.121137339056
267,3,"[2016-10-26 09:00:00,2016-10-26 09:20:00)",0,143.784,157.62,-0.0962276748456,-0.087780738485
268,3,"[2016-10-27 09:00:00,2016-10-27 09:20:00)",0,136.97,166.81,-0.217857925093,-0.178886157904
269,3,"[2016-10-28 09:00:00,2016-10-28 09:20:00)",0,152.675,173.49,-0.136335352874,-0.11997809672
270,3,"[2016-10-29 09:00:00,2016-10-29 09:20:00)",0,100.934,119.95,-0.188400340817,-0.158532721967
271,3,"[2016-10-30 09:00:00,2016-10-30 09:20:00)",0,109.762,126.72,-0.154497913668,-0.13382260101
272,3,"[2016-10-31 09:00:00,2016-10-31 09:20:00)",0,132.815,168.86,-0.271392538493,-0.213460855146
273,3,"[2016-10-25 09:00:00,2016-10-25 09:20:00)",1,120.52,119.95,0.00472950547627,0.00475197999166
274,3,"[2016-10-26 09:00:00,2016-10-26 09:20:00)",1,117.916,120.15,-0.0189456901523,-0.0185934248856
275,3,"[2016-10-27 09:00:00,2016-10-27 09:20:00)",1,118.14,128.39,-0.086761469443,-0.0798348781058
276,3,"[2016-10-28 09:00:00,2016-10-28 09:20:00)",1,100.033,115.4,-0.153619305629,-0.133162911612
277,3,"[2016-10-29 09:00:00,2016-10-29 09:20:00)",1,99.5892,106.95,-0.0739116289718,-0.068824684432
278,3,"[2016-10-30 09:00:00,2016-10-30 09:20:00)",1,112.888,97.84,0.133300262207,0.15380212592
279,3,"[2016-10-31 09:00:00,2016-10-31 09:20:00)",1,143.978,136.4,0.0526330411591,0.0555571847507
280,1,"[2016-10-25 18:20:00,2016-10-25 18:40:00)",0,29.2167,26.84,0.0813473116403,0.0885506706408
281,1,"[2016-10-26 18:20:00,2016-10-26 18:40:00)",0,21.0196,23.06,-0.0970713048774,-0.0884822202949
282,1,"[2016-10-27 18:20:00,2016-10-27 18:40:00)",0,24.7808,23.14,0.0662125516529,0.0709075194468
283,1,"[2016-10-28 18:20:00,2016-10-28 18:40:00)",0,28.4311,37.48,-0.31827470622,-0.241432764141
284,1,"[2016-10-29 18:20:00,2016-10-29 18:40:00)",0,22.2573,26.58,-0.19421493173,-0.16262979684
285,1,"[2016-10-30 18:20:00,2016-10-30 18:40:00)",0,60.2292,77.66,-0.289407795554,-0.224450167396
286,1,"[2016-10-31 18:20:00,2016-10-31 18:40:00)",0,58.3838,63.15,-0.0816356592068,-0.0754742676168
287,1,"[2016-10-25 18:20:00,2016-10-25 18:40:00)",1,85.1616,84.75,0.00483316424304,0.00485663716814
288,1,"[2016-10-26 18:20:00,2016-10-26 18:40:00)",1,90.8821,80.97,0.109065481541,0.122416944547
289,1,"[2016-10-27 18:20:00,2016-10-27 18:40:00)",1,84.6058,83.88,0.00857860808597,0.00865283738674
290,1,"[2016-10-28 18:20:00,2016-10-28 18:40:00)",1,87.9876,84.16,0.0435015843142,0.0454800380228
291,1,"[2016-10-29 18:20:00,2016-10-29 18:40:00)",1,62.6769,62.44,0.00377970193165,0.00379404228059
292,1,"[2016-10-30 18:20:00,2016-10-30 18:40:00)",1,69.9484,62.16,0.111344934266,0.125296010296
293,1,"[2016-10-31 18:20:00,2016-10-31 18:40:00)",1,79.0981,60.79,0.231460679839,0.301169600263
294,2,"[2016-10-25 18:20:00,2016-10-25 18:40:00)",0,36.6075,54.87,-0.498873181725,-0.332832148715
295,2,"[2016-10-26 18:20:00,2016-10-26 18:40:00)",0,58.0552,62.47,-0.0760448676432,-0.0706707219465
296,2,"[2016-10-27 18:20:00,2016-10-27 18:40:00)",0,68.9944,51.2,0.257910786962,0.347546875
297,2,"[2016-10-28 18:20:00,2016-10-28 18:40:00)",0,91.432,67.79,0.25857467845,0.348753503467
298,2,"[2016-10-29 18:20:00,2016-10-29 18:40:00)",0,30.8278,48.15,-0.561901919696,-0.359754932503
299,2,"[2016-10-30 18:20:00,2016-10-30 18:40:00)",0,38.9662,13.92,0.642767321422,1.79929597701
300,2,"[2016-10-31 18:20:00,2016-10-31 18:40:00)",0,17.524,14.01,0.200524994294,0.250820842256
301,3,"[2016-10-25 18:20:00,2016-10-25 18:40:00)",0,67.3143,80.06,-0.189346097337,-0.159201848614
302,3,"[2016-10-26 18:20:00,2016-10-26 18:40:00)",0,77.7906,84.27,-0.0832928400089,-0.0768885724457
303,3,"[2016-10-27 18:20:00,2016-10-27 18:40:00)",0,71.3285,69.17,0.0302613962161,0.0312057250253
304,3,"[2016-10-28 18:20:00,2016-10-28 18:40:00)",0,99.2327,115.92,-0.168163317132,-0.14395531401
305,3,"[2016-10-29 18:20:00,2016-10-29 18:40:00)",0,65.8811,61.53,0.0660447381723,0.070715098326
306,3,"[2016-10-30 18:20:00,2016-10-30 18:40:00)",0,77.3768,86.13,-0.11312434735,-0.101627771973
307,3,"[2016-10-31 18:20:00,2016-10-31 18:40:00)",0,105.707,68.77,0.349428136263,0.537109204595
308,3,"[2016-10-25 18:20:00,2016-10-25 18:40:00)",1,90.1402,80.4,0.108056117027,0.121146766169
309,3,"[2016-10-26 18:20:00,2016-10-26 18:40:00)",1,55.0884,67.15,-0.218949905969,-0.179621742368
310,3,"[2016-10-27 18:20:00,2016-10-27 18:40:00)",1,66.2382,75.02,-0.132579085784,-0.117059450813
311,3,"[2016-10-28 18:20:00,2016-10-28 18:40:00)",1,90.5534,74.84,0.173526339155,0.209959914484
312,3,"[2016-10-29 18:20:00,2016-10-29 18:40:00)",1,65.9326,61.18,0.0720827026388,0.077682249101
313,3,"[2016-10-30 18:20:00,2016-10-30 18:40:00)",1,90.7637,67.92,0.251683216969,0.336332449941
314,3,"[2016-10-31 18:20:00,2016-10-31 18:40:00)",1,46.9852,50.48,-0.0743808688693,-0.0692313787639
315,1,"[2016-10-25 09:20:00,2016-10-25 09:40:00)",0,44.5958,55.75,-0.250117724091,-0.200075336323
316,1,"[2016-10-26 09:20:00,2016-10-26 09:40:00)",0,61.5332,51.7,0.15980316317,0.19019729207
317,1,"[2016-10-27 09:20:00,2016-10-27 09:40:00)",0,42.9127,50.82,-0.184264798067,-0.155594254231
318,1,"[2016-10-28 09:20:00,2016-10-28 09:40:00)",0,73.7388,51.78,0.297791664632,0.424078794902
319,1,"[2016-10-29 09:20:00,2016-10-29 09:40:00)",0,45.1858,37.4,0.172306344028,0.208176470588
320,1,"[2016-10-30 09:20:00,2016-10-30 09:40:00)",0,100.977,92.8,0.0809788367648,0.0881142241379
321,1,"[2016-10-31 09:20:00,2016-10-31 09:40:00)",0,109.901,110.17,-0.00244765743715,-0.0024416810384
322,1,"[2016-10-25 09:20:00,2016-10-25 09:40:00)",1,120.817,128.41,-0.062847115886,-0.0591309088077
323,1,"[2016-10-26 09:20:00,2016-10-26 09:40:00)",1,114.724,112.27,0.0213904675569,0.0218580208426
324,1,"[2016-10-27 09:20:00,2016-10-27 09:40:00)",1,134.863,112.26,0.167599712301,0.201345091751
325,1,"[2016-10-28 09:20:00,2016-10-28 09:40:00)",1,111.351,125.13,-0.123743837056,-0.110117477823
326,1,"[2016-10-29 09:20:00,2016-10-29 09:40:00)",1,100.328,106.69,-0.0634120086118,-0.0596307057831
327,1,"[2016-10-30 09:20:00,2016-10-30 09:40:00)",1,97.8641,99.04,-0.0120156420996,-0.0118729806139
328,1,"[2016-10-31 09:20:00,2016-10-31 09:40:00)",1,104.99,123.83,-0.179445661492,-0.152144068481
329,2,"[2016-10-25 09:20:00,2016-10-25 09:40:00)",0,99.6375,98.65,0.00991092711078,0.0100101368474
330,2,"[2016-10-26 09:20:00,2016-10-26 09:40:00)",0,96.0834,91.99,0.0426025723486,0.0444983150342
331,2,"[2016-10-27 09:20:00,2016-10-27 09:40:00)",0,106.819,96.48,0.0967898969284,0.107162106136
332,2,"[2016-10-28 09:20:00,2016-10-28 09:40:00)",0,114.8,103.29,0.100261324042,0.111433827089
333,2,"[2016-10-29 09:20:00,2016-10-29 09:40:00)",0,84.217,82.82,0.0165880997898,0.0168679063028
334,2,"[2016-10-30 09:20:00,2016-10-30 09:40:00)",0,30.182,18.09,0.400636140746,0.668435599779
335,2,"[2016-10-31 09:20:00,2016-10-31 09:40:00)",0,73.14,82.54,-0.128520645338,-0.113884177369
336,3,"[2016-10-25 09:20:00,2016-10-25 09:40:00)",0,129.112,148.56,-0.150628911333,-0.130910070005
337,3,"[2016-10-26 09:20:00,2016-10-26 09:40:00)",0,149.641,140.49,0.0611530262428,0.0651363086341
338,3,"[2016-10-27 09:20:00,2016-10-27 09:40:00)",0,134.295,133.91,0.00286682303883,0.00287506534239
339,3,"[2016-10-28 09:20:00,2016-10-28 09:40:00)",0,146.761,154.25,-0.0510285430053,-0.0485510534846
340,3,"[2016-10-29 09:20:00,2016-10-29 09:40:00)",0,109.896,124.13,-0.129522457596,-0.114670103923
341,3,"[2016-10-30 09:20:00,2016-10-30 09:40:00)",0,102.743,132.78,-0.292350817087,-0.226216297635
342,3,"[2016-10-31 09:20:00,2016-10-31 09:40:00)",0,159.869,157.21,0.0166323677511,0.0169136823357
343,3,"[2016-10-25 09:20:00,2016-10-25 09:40:00)",1,116.897,124.39,-0.0640991642215,-0.0602379612509
344,3,"[2016-10-26 09:20:00,2016-10-26 09:40:00)",1,107.272,112.05,-0.0445409799388,-0.0426416778224
345,3,"[2016-10-27 09:20:00,2016-10-27 09:40:00)",1,106.153,125.26,-0.179994913003,-0.152538719464
346,3,"[2016-10-28 09:20:00,2016-10-28 09:40:00)",1,108.841,122.64,-0.126781268088,-0.112516307893
347,3,"[2016-10-29 09:20:00,2016-10-29 09:40:00)",1,107.025,102.81,0.0393833216538,0.0409979573971
348,3,"[2016-10-30 09:20:00,2016-10-30 09:40:00)",1,102.031,98.71,0.0325489312072,0.0336440076993
349,3,"[2016-10-31 09:20:00,2016-10-31 09:40:00)",1,124.2,125.08,-0.00708534621578,-0.00703549728174
350,1,"[2016-10-25 18:40:00,2016-10-25 19:00:00)",0,37.9581,21.54,0.432532186806,0.76221448468
351,1,"[2016-10-26 18:40:00,2016-10-26 19:00:00)",0,19.7864,22.65,-0.144725670157,-0.126428256071
352,1,"[2016-10-27 18:40:00,2016-10-27 19:00:00)",0,16.6979,21.69,-0.298965738207,-0.230156754265
353,1,"[2016-10-28 18:40:00,2016-10-28 19:00:00)",0,48.8263,31.86,0.347482811518,0.532526679222
354,1,"[2016-10-29 18:40:00,2016-10-29 19:00:00)",0,25.794,29.12,-0.128944715825,-0.114217032967
355,1,"[2016-10-30 18:40:00,2016-10-30 19:00:00)",0,71.6314,60.36,0.157352781043,0.186736249172
356,1,"[2016-10-31 18:40:00,2016-10-31 19:00:00)",0,51.7242,52.63,-0.0175121123188,-0.0172107163215
357,1,"[2016-10-25 18:40:00,2016-10-25 19:00:00)",1,75.8461,64.49,0.149725562685,0.176090866801
358,1,"[2016-10-26 18:40:00,2016-10-26 19:00:00)",1,77.1897,63.63,0.175667219849,0.213102310231
359,1,"[2016-10-27 18:40:00,2016-10-27 19:00:00)",1,63.3567,72.8,-0.149049745331,-0.129715659341
360,1,"[2016-10-28 18:40:00,2016-10-28 19:00:00)",1,92.6963,72.77,0.214963272536,0.27382575237
361,1,"[2016-10-29 18:40:00,2016-10-29 19:00:00)",1,70.4553,62.74,0.109506311094,0.122972585273
362,1,"[2016-10-30 18:40:00,2016-10-30 19:00:00)",1,67.9069,47.59,0.29918756415,0.426915318344
363,1,"[2016-10-31 18:40:00,2016-10-31 19:00:00)",1,57.8952,52.9,0.0862800370324,0.094427221172
364,2,"[2016-10-25 18:40:00,2016-10-25 19:00:00)",0,78.117,45.64,0.415748172613,0.711590709904
365,2,"[2016-10-26 18:40:00,2016-10-26 19:00:00)",0,55.5531,51.86,0.0664787383602,0.071212880833
366,2,"[2016-10-27 18:40:00,2016-10-27 19:00:00)",0,76.7864,49.09,0.360694081244,0.564196374007
367,2,"[2016-10-28 18:40:00,2016-10-28 19:00:00)",0,71.7568,56.5,0.212618176953,0.270031858407
368,2,"[2016-10-29 18:40:00,2016-10-29 19:00:00)",0,51.6808,46.98,0.0909583442981,0.10005959983
369,2,"[2016-10-30 18:40:00,2016-10-30 19:00:00)",0,27.7691,19.05,0.313985689129,0.457695538058
370,2,"[2016-10-31 18:40:00,2016-10-31 19:00:00)",0,18.2953,15.09,0.175198001673,0.212412193506
371,3,"[2016-10-25 18:40:00,2016-10-25 19:00:00)",0,65.1623,72.78,-0.116903485604,-0.104667491069
372,3,"[2016-10-26 18:40:00,2016-10-26 19:00:00)",0,60.7056,69.48,-0.144540207164,-0.126286701209
373,3,"[2016-10-27 18:40:00,2016-10-27 19:00:00)",0,57.0715,62.9,-0.102126280192,-0.0926629570747
374,3,"[2016-10-28 18:40:00,2016-10-28 19:00:00)",0,63.071,80.62,-0.278241981259,-0.217675514761
375,3,"[2016-10-29 18:40:00,2016-10-29 19:00:00)",0,68.2595,59.17,0.133160951955,0.153616697651
376,3,"[2016-10-30 18:40:00,2016-10-30 19:00:00)",0,71.7822,76.51,-0.0658631248415,-0.0617932296432
377,3,"[2016-10-31 18:40:00,2016-10-31 19:00:00)",0,72.004,63.54,0.117549025054,0.133207428392
378,3,"[2016-10-25 18:40:00,2016-10-25 19:00:00)",1,78.4422,73.29,0.0656814826713,0.0702988129349
379,3,"[2016-10-26 18:40:00,2016-10-26 19:00:00)",1,66.9783,66.44,0.00803693136434,0.00810204695966
380,3,"[2016-10-27 18:40:00,2016-10-27 19:00:00)",1,73.139,60.82,0.168432710319,0.202548503782
381,3,"[2016-10-28 18:40:00,2016-10-28 19:00:00)",1,64.3265,68.52,-0.0651908622418,-0.0612011091652
382,3,"[2016-10-29 18:40:00,2016-10-29 19:00:00)",1,72.2565,72.86,-0.00835218976839,-0.00828300850947
383,3,"[2016-10-30 18:40:00,2016-10-30 19:00:00)",1,88.2632,47.33,0.463762927245,0.864846820199
384,3,"[2016-10-31 18:40:00,2016-10-31 19:00:00)",1,59.0041,47.28,0.198699751373,0.247971658206
385,1,"[2016-10-25 09:40:00,2016-10-25 10:00:00)",0,47.7368,55.02,-0.152569925089,-0.132373682297
386,1,"[2016-10-26 09:40:00,2016-10-26 10:00:00)",0,51.3135,55.02,-0.0722324534479,-0.0673664122137
387,1,"[2016-10-27 09:40:00,2016-10-27 10:00:00)",0,50.3071,55.83,-0.109783708463,-0.098923517822
388,1,"[2016-10-28 09:40:00,2016-10-28 10:00:00)",0,45.3401,55.02,-0.213495338563,-0.175934205743
389,1,"[2016-10-29 09:40:00,2016-10-29 10:00:00)",0,44.6669,41.41,0.072915290741,0.0786500845206
390,1,"[2016-10-30 09:40:00,2016-10-30 10:00:00)",0,64.5728,91.04,-0.409881560038,-0.29072056239
391,1,"[2016-10-31 09:40:00,2016-10-31 10:00:00)",0,78.6505,85.01,-0.0808577186413,-0.0748088460181
392,1,"[2016-10-25 09:40:00,2016-10-25 10:00:00)",1,143.704,123.14,0.143099704949,0.166996914082
393,1,"[2016-10-26 09:40:00,2016-10-26 10:00:00)",1,93.1518,110.04,-0.181297623878,-0.153473282443
394,1,"[2016-10-27 09:40:00,2016-10-27 10:00:00)",1,110.031,109.81,0.00200852487026,0.00201256716146
395,1,"[2016-10-28 09:40:00,2016-10-28 10:00:00)",1,107.244,112.53,-0.0492894707396,-0.0469741402293
396,1,"[2016-10-29 09:40:00,2016-10-29 10:00:00)",1,89.3465,106.67,-0.193891198872,-0.162402737414
397,1,"[2016-10-30 09:40:00,2016-10-30 10:00:00)",1,83.2754,95.05,-0.141393496759,-0.123877958969
398,1,"[2016-10-31 09:40:00,2016-10-31 10:00:00)",1,92.0096,107.76,-0.171182137516,-0.146161841128
399,2,"[2016-10-25 09:40:00,2016-10-25 10:00:00)",0,72.836,89.54,-0.229337140974,-0.186553495644
400,2,"[2016-10-26 09:40:00,2016-10-26 10:00:00)",0,79.2941,76.72,0.0324626926846,0.0335518769552
401,2,"[2016-10-27 09:40:00,2016-10-27 10:00:00)",0,81.0527,75.4,0.0697410450238,0.0749694960212
402,2,"[2016-10-28 09:40:00,2016-10-28 10:00:00)",0,82.8594,89.72,-0.0827980892934,-0.0764667855551
403,2,"[2016-10-29 09:40:00,2016-10-29 10:00:00)",0,82.5325,90.0,-0.0904795080726,-0.0829722222222
404,2,"[2016-10-30 09:40:00,2016-10-30 10:00:00)",0,13.9597,22.06,-0.580263186172,-0.367194016319
405,2,"[2016-10-31 09:40:00,2016-10-31 10:00:00)",0,74.0102,80.27,-0.0845802335354,-0.0779843029775
406,3,"[2016-10-25 09:40:00,2016-10-25 10:00:00)",0,108.752,132.11,-0.214782256878,-0.176807206116
407,3,"[2016-10-26 09:40:00,2016-10-26 10:00:00)",0,120.1,116.47,0.0302248126561,0.0311668240749
408,3,"[2016-10-27 09:40:00,2016-10-27 10:00:00)",0,107.92,108.81,-0.00824684951816,-0.00817939527617
409,3,"[2016-10-28 09:40:00,2016-10-28 10:00:00)",0,122.37,130.68,-0.0679088011768,-0.0635904499541
410,3,"[2016-10-29 09:40:00,2016-10-29 10:00:00)",0,104.236,112.55,-0.0797613108715,-0.0738693913816
411,3,"[2016-10-30 09:40:00,2016-10-30 10:00:00)",0,96.6362,116.13,-0.201723577707,-0.167861878929
412,3,"[2016-10-31 09:40:00,2016-10-31 10:00:00)",0,123.928,132.2,-0.0667484345749,-0.0625718608169
413,3,"[2016-10-25 09:40:00,2016-10-25 10:00:00)",1,95.1254,106.05,-0.114844195136,-0.103013672796
414,3,"[2016-10-26 09:40:00,2016-10-26 10:00:00)",1,96.4467,94.05,0.0248499948676,0.0254832535885
415,3,"[2016-10-27 09:40:00,2016-10-27 10:00:00)",1,99.2981,109.99,-0.107674769205,-0.0972079279935
416,3,"[2016-10-28 09:40:00,2016-10-28 10:00:00)",1,110.995,104.47,0.0587864318213,0.0624581219489
417,3,"[2016-10-29 09:40:00,2016-10-29 10:00:00)",1,97.2269,103.09,-0.0603032699798,-0.0568736055874
418,3,"[2016-10-30 09:40:00,2016-10-30 10:00:00)",1,93.7538,106.02,-0.130834163522,-0.115697038295
419,3,"[2016-10-31 09:40:00,2016-10-31 10:00:00)",1,99.0678,105.01,-0.0599811442265,-0.0565869917151
