,tollgate_id,time_window,direction,volume_x,volume_y,ratio
55,1,"[2016-10-24 18:00:00,2016-10-24 18:20:00)",0,30.23,15.0,1.01533333333
155,1,"[2016-10-18 18:40:00,2016-10-18 19:00:00)",1,74.8,39.0,0.917948717949
83,1,"[2016-10-24 18:40:00,2016-10-24 19:00:00)",0,24.2,13.0,0.861538461538
229,2,"[2016-10-20 18:20:00,2016-10-20 18:40:00)",0,62.05,35.0,0.772857142857
71,1,"[2016-10-18 18:40:00,2016-10-18 19:00:00)",0,26.21,15.0,0.747333333333
247,2,"[2016-10-22 18:40:00,2016-10-22 19:00:00)",0,52.21,30.0,0.740333333333
79,1,"[2016-10-22 18:40:00,2016-10-22 19:00:00)",0,23.64,14.0,0.688571428571
61,1,"[2016-10-20 18:20:00,2016-10-20 18:40:00)",0,26.17,16.0,0.635625
29,1,"[2016-10-18 17:40:00,2016-10-18 18:00:00)",0,36.47,23.0,0.585652173913
191,2,"[2016-10-22 17:20:00,2016-10-22 17:40:00)",0,75.64,48.0,0.575833333333
149,1,"[2016-10-22 18:20:00,2016-10-22 18:40:00)",1,71.5,46.0,0.554347826087
358,3,"[2016-10-22 08:20:00,2016-10-22 08:40:00)",1,94.15,61.0,0.543442622951
205,2,"[2016-10-22 17:40:00,2016-10-22 18:00:00)",0,74.03,48.0,0.542291666667
335,3,"[2016-10-24 18:40:00,2016-10-24 19:00:00)",0,74.11,49.0,0.512448979592
81,1,"[2016-10-23 18:40:00,2016-10-23 19:00:00)",0,32.99,22.0,0.499545454545
75,1,"[2016-10-20 18:40:00,2016-10-20 19:00:00)",0,25.43,17.0,0.495882352941
233,2,"[2016-10-22 18:20:00,2016-10-22 18:40:00)",0,57.95,39.0,0.485897435897
383,3,"[2016-10-20 18:00:00,2016-10-20 18:20:00)",1,79.97,54.0,0.480925925926
58,1,"[2016-10-19 09:20:00,2016-10-19 09:40:00)",0,55.02,38.0,0.447894736842
99,1,"[2016-10-18 17:20:00,2016-10-18 17:40:00)",1,104.22,72.0,0.4475
323,3,"[2016-10-18 18:40:00,2016-10-18 19:00:00)",0,73.69,51.0,0.444901960784
135,1,"[2016-10-22 18:00:00,2016-10-22 18:20:00)",1,67.84,47.0,0.443404255319
46,1,"[2016-10-20 09:00:00,2016-10-20 09:20:00)",0,54.11,38.0,0.423947368421
48,1,"[2016-10-21 09:00:00,2016-10-21 09:20:00)",0,54.11,38.0,0.423947368421
56,1,"[2016-10-18 09:20:00,2016-10-18 09:40:00)",0,55.34,39.0,0.418974358974
24,1,"[2016-10-23 08:20:00,2016-10-23 08:40:00)",0,39.61,28.0,0.414642857143
25,1,"[2016-10-23 17:20:00,2016-10-23 17:40:00)",0,52.29,37.0,0.413243243243
315,3,"[2016-10-21 18:20:00,2016-10-21 18:40:00)",0,108.45,77.0,0.408441558442
371,3,"[2016-10-21 17:40:00,2016-10-21 18:00:00)",1,98.45,70.0,0.406428571429
94,1,"[2016-10-23 08:00:00,2016-10-23 08:20:00)",1,79.88,57.0,0.401403508772
285,3,"[2016-10-20 17:40:00,2016-10-20 18:00:00)",0,121.78,87.0,0.399770114943
329,3,"[2016-10-21 18:40:00,2016-10-21 19:00:00)",0,104.43,75.0,0.3924
345,3,"[2016-10-22 17:00:00,2016-10-22 17:20:00)",1,85.7,62.0,0.382258064516
213,2,"[2016-10-19 18:00:00,2016-10-19 18:20:00)",0,41.8,65.0,0.356923076923
242,2,"[2016-10-20 09:40:00,2016-10-20 10:00:00)",0,97.43,72.0,0.353194444444
69,1,"[2016-10-24 18:20:00,2016-10-24 18:40:00)",0,24.31,18.0,0.350555555556
291,3,"[2016-10-23 17:40:00,2016-10-23 18:00:00)",0,110.22,82.0,0.344146341463
126,1,"[2016-10-18 09:00:00,2016-10-18 09:20:00)",1,115.56,86.0,0.343720930233
206,2,"[2016-10-23 08:40:00,2016-10-23 09:00:00)",0,76.05,57.0,0.334210526316
21,1,"[2016-10-21 17:20:00,2016-10-21 17:40:00)",0,53.27,40.0,0.33175
348,3,"[2016-10-24 08:00:00,2016-10-24 08:20:00)",1,116.86,174.0,0.328390804598
183,2,"[2016-10-18 17:20:00,2016-10-18 17:40:00)",0,73.04,55.0,0.328
327,3,"[2016-10-20 18:40:00,2016-10-20 19:00:00)",0,77.0,58.0,0.327586206897
251,2,"[2016-10-24 18:40:00,2016-10-24 19:00:00)",0,48.69,37.0,0.315945945946
413,3,"[2016-10-21 18:40:00,2016-10-21 19:00:00)",1,76.25,58.0,0.314655172414
187,2,"[2016-10-20 17:20:00,2016-10-20 17:40:00)",0,74.61,57.0,0.308947368421
243,2,"[2016-10-20 18:40:00,2016-10-20 19:00:00)",0,56.25,43.0,0.308139534884
6,1,"[2016-10-21 08:00:00,2016-10-21 08:20:00)",0,48.28,37.0,0.304864864865
289,3,"[2016-10-22 17:40:00,2016-10-22 18:00:00)",0,105.53,81.0,0.302839506173
59,1,"[2016-10-19 18:20:00,2016-10-19 18:40:00)",0,24.73,19.0,0.301578947368
151,1,"[2016-10-23 18:20:00,2016-10-23 18:40:00)",1,63.63,91.0,0.300769230769
305,3,"[2016-10-23 18:00:00,2016-10-23 18:20:00)",0,84.5,65.0,0.3
66,1,"[2016-10-23 09:20:00,2016-10-23 09:40:00)",0,45.46,35.0,0.298857142857
359,3,"[2016-10-22 17:20:00,2016-10-22 17:40:00)",1,88.16,68.0,0.296470588235
394,3,"[2016-10-19 09:20:00,2016-10-19 09:40:00)",1,117.97,91.0,0.296373626374
77,1,"[2016-10-21 18:40:00,2016-10-21 19:00:00)",0,28.15,40.0,0.29625
385,3,"[2016-10-21 18:00:00,2016-10-21 18:20:00)",1,80.36,62.0,0.296129032258
67,1,"[2016-10-23 18:20:00,2016-10-23 18:40:00)",0,38.84,30.0,0.294666666667
401,3,"[2016-10-22 18:20:00,2016-10-22 18:40:00)",1,71.09,55.0,0.292545454545
44,1,"[2016-10-19 09:00:00,2016-10-19 09:20:00)",0,54.22,42.0,0.290952380952
13,1,"[2016-10-24 17:00:00,2016-10-24 17:20:00)",0,41.23,32.0,0.2884375
142,1,"[2016-10-19 09:20:00,2016-10-19 09:40:00)",1,118.48,92.0,0.287826086957
237,2,"[2016-10-24 18:20:00,2016-10-24 18:40:00)",0,57.84,45.0,0.285333333333
219,2,"[2016-10-22 18:00:00,2016-10-22 18:20:00)",0,52.63,41.0,0.283658536585
115,1,"[2016-10-19 17:40:00,2016-10-19 18:00:00)",1,80.25,112.0,0.283482142857
273,3,"[2016-10-21 17:20:00,2016-10-21 17:40:00)",0,151.44,118.0,0.283389830508
410,3,"[2016-10-20 09:40:00,2016-10-20 10:00:00)",1,114.13,89.0,0.282359550562
105,1,"[2016-10-21 17:20:00,2016-10-21 17:40:00)",1,107.01,149.0,0.281812080537
65,1,"[2016-10-22 18:20:00,2016-10-22 18:40:00)",0,29.44,23.0,0.28
11,1,"[2016-10-23 17:00:00,2016-10-23 17:20:00)",0,55.02,43.0,0.279534883721
321,3,"[2016-10-24 18:20:00,2016-10-24 18:40:00)",0,79.04,62.0,0.274838709677
19,1,"[2016-10-20 17:20:00,2016-10-20 17:40:00)",0,32.7,45.0,0.273333333333
281,3,"[2016-10-18 17:40:00,2016-10-18 18:00:00)",0,112.01,88.0,0.272840909091
74,1,"[2016-10-20 09:40:00,2016-10-20 10:00:00)",0,55.89,44.0,0.270227272727
287,3,"[2016-10-21 17:40:00,2016-10-21 18:00:00)",0,142.19,112.0,0.269553571429
148,1,"[2016-10-22 09:20:00,2016-10-22 09:40:00)",1,101.49,80.0,0.268625
331,3,"[2016-10-22 18:40:00,2016-10-22 19:00:00)",0,73.45,58.0,0.266379310345
84,1,"[2016-10-18 08:00:00,2016-10-18 08:20:00)",1,117.67,93.0,0.265268817204
143,1,"[2016-10-19 18:20:00,2016-10-19 18:40:00)",1,56.08,76.0,0.262105263158
119,1,"[2016-10-21 17:40:00,2016-10-21 18:00:00)",1,106.53,144.0,0.260208333333
166,1,"[2016-10-24 09:40:00,2016-10-24 10:00:00)",1,110.88,88.0,0.26
113,1,"[2016-10-18 17:40:00,2016-10-18 18:00:00)",1,99.28,134.0,0.259104477612
171,2,"[2016-10-19 17:00:00,2016-10-19 17:20:00)",0,65.22,88.0,0.258863636364
395,3,"[2016-10-19 18:20:00,2016-10-19 18:40:00)",1,57.2,77.0,0.257142857143
409,3,"[2016-10-19 18:40:00,2016-10-19 19:00:00)",1,59.56,80.0,0.2555
235,2,"[2016-10-23 18:20:00,2016-10-23 18:40:00)",0,56.46,45.0,0.254666666667
373,3,"[2016-10-22 17:40:00,2016-10-22 18:00:00)",1,81.47,65.0,0.253384615385
195,2,"[2016-10-24 17:20:00,2016-10-24 17:40:00)",0,75.19,60.0,0.253166666667
125,1,"[2016-10-24 17:40:00,2016-10-24 18:00:00)",1,100.3,134.0,0.251492537313
350,3,"[2016-10-18 08:20:00,2016-10-18 08:40:00)",1,125.97,101.0,0.247227722772
37,1,"[2016-10-22 17:40:00,2016-10-22 18:00:00)",0,37.4,30.0,0.246666666667
137,1,"[2016-10-23 18:00:00,2016-10-23 18:20:00)",1,58.05,77.0,0.246103896104
179,2,"[2016-10-23 17:00:00,2016-10-23 17:20:00)",0,66.58,88.0,0.243409090909
280,3,"[2016-10-18 08:40:00,2016-10-18 09:00:00)",0,155.18,125.0,0.24144
73,1,"[2016-10-19 18:40:00,2016-10-19 19:00:00)",0,23.61,31.0,0.238387096774
209,2,"[2016-10-24 17:40:00,2016-10-24 18:00:00)",0,75.44,61.0,0.236721311475
101,1,"[2016-10-19 17:20:00,2016-10-19 17:40:00)",1,82.5,108.0,0.236111111111
375,3,"[2016-10-23 17:40:00,2016-10-23 18:00:00)",1,93.89,76.0,0.235394736842
108,1,"[2016-10-23 08:20:00,2016-10-23 08:40:00)",1,83.97,68.0,0.234852941176
290,3,"[2016-10-23 08:40:00,2016-10-23 09:00:00)",0,106.09,86.0,0.233604651163
14,1,"[2016-10-18 08:20:00,2016-10-18 08:40:00)",0,50.55,41.0,0.232926829268
118,1,"[2016-10-21 08:40:00,2016-10-21 09:00:00)",1,115.77,94.0,0.231595744681
165,1,"[2016-10-23 18:40:00,2016-10-23 19:00:00)",1,60.19,49.0,0.228367346939
41,1,"[2016-10-24 17:40:00,2016-10-24 18:00:00)",0,35.57,29.0,0.226551724138
70,1,"[2016-10-18 09:40:00,2016-10-18 10:00:00)",0,56.39,46.0,0.225869565217
347,3,"[2016-10-23 17:00:00,2016-10-23 17:20:00)",1,98.06,80.0,0.22575
38,1,"[2016-10-23 08:40:00,2016-10-23 09:00:00)",0,45.3,37.0,0.224324324324
161,1,"[2016-10-21 18:40:00,2016-10-21 19:00:00)",1,76.05,98.0,0.223979591837
215,2,"[2016-10-20 18:00:00,2016-10-20 18:20:00)",0,56.29,46.0,0.223695652174
76,1,"[2016-10-21 09:40:00,2016-10-21 10:00:00)",0,53.77,44.0,0.222045454545
62,1,"[2016-10-21 09:20:00,2016-10-21 09:40:00)",0,54.97,45.0,0.221555555556
252,3,"[2016-10-18 08:00:00,2016-10-18 08:20:00)",0,154.53,198.0,0.219545454545
301,3,"[2016-10-21 18:00:00,2016-10-21 18:20:00)",0,110.9,91.0,0.218681318681
36,1,"[2016-10-22 08:40:00,2016-10-22 09:00:00)",0,47.5,39.0,0.217948717949
207,2,"[2016-10-23 17:40:00,2016-10-23 18:00:00)",0,65.75,54.0,0.217592592593
339,3,"[2016-10-19 17:00:00,2016-10-19 17:20:00)",1,83.97,69.0,0.216956521739
387,3,"[2016-10-22 18:00:00,2016-10-22 18:20:00)",1,68.11,56.0,0.21625
374,3,"[2016-10-23 08:40:00,2016-10-23 09:00:00)",1,84.81,70.0,0.211571428571
414,3,"[2016-10-22 09:40:00,2016-10-22 10:00:00)",1,95.55,79.0,0.209493670886
340,3,"[2016-10-20 08:00:00,2016-10-20 08:20:00)",1,104.36,87.0,0.199540229885
93,1,"[2016-10-22 17:00:00,2016-10-22 17:20:00)",1,88.54,74.0,0.196486486486
388,3,"[2016-10-23 09:00:00,2016-10-23 09:20:00)",1,75.69,94.0,0.194787234043
309,3,"[2016-10-18 18:20:00,2016-10-18 18:40:00)",0,78.62,66.0,0.191212121212
390,3,"[2016-10-24 09:00:00,2016-10-24 09:20:00)",1,123.19,152.0,0.189539473684
405,3,"[2016-10-24 18:20:00,2016-10-24 18:40:00)",1,76.22,94.0,0.18914893617
176,2,"[2016-10-22 08:00:00,2016-10-22 08:20:00)",0,64.9,80.0,0.18875
157,1,"[2016-10-19 18:40:00,2016-10-19 19:00:00)",1,59.55,73.0,0.184246575342
344,3,"[2016-10-22 08:00:00,2016-10-22 08:20:00)",1,81.68,69.0,0.183768115942
334,3,"[2016-10-24 09:40:00,2016-10-24 10:00:00)",0,130.18,110.0,0.183454545455
34,1,"[2016-10-21 08:40:00,2016-10-21 09:00:00)",0,54.41,46.0,0.182826086957
400,3,"[2016-10-22 09:20:00,2016-10-22 09:40:00)",1,99.23,84.0,0.18130952381
110,1,"[2016-10-24 08:20:00,2016-10-24 08:40:00)",1,123.72,151.0,0.180662251656
78,1,"[2016-10-22 09:40:00,2016-10-22 10:00:00)",0,48.31,41.0,0.178292682927
220,2,"[2016-10-23 09:00:00,2016-10-23 09:20:00)",0,77.69,66.0,0.177121212121
244,2,"[2016-10-21 09:40:00,2016-10-21 10:00:00)",0,97.59,83.0,0.17578313253
391,3,"[2016-10-24 18:00:00,2016-10-24 18:20:00)",1,75.08,91.0,0.174945054945
376,3,"[2016-10-24 08:40:00,2016-10-24 09:00:00)",1,135.41,164.0,0.174329268293
107,1,"[2016-10-22 17:20:00,2016-10-22 17:40:00)",1,85.95,104.0,0.173557692308
357,3,"[2016-10-21 17:20:00,2016-10-21 17:40:00)",1,97.34,83.0,0.172771084337
32,1,"[2016-10-20 08:40:00,2016-10-20 09:00:00)",0,51.35,62.0,0.171774193548
22,1,"[2016-10-22 08:20:00,2016-10-22 08:40:00)",0,43.13,52.0,0.170576923077
50,1,"[2016-10-22 09:00:00,2016-10-22 09:20:00)",0,47.3,57.0,0.170175438596
239,2,"[2016-10-18 18:40:00,2016-10-18 19:00:00)",0,53.78,46.0,0.169130434783
51,1,"[2016-10-22 18:00:00,2016-10-22 18:20:00)",0,31.54,27.0,0.168148148148
311,3,"[2016-10-19 18:20:00,2016-10-19 18:40:00)",0,79.37,68.0,0.167205882353
42,1,"[2016-10-18 09:00:00,2016-10-18 09:20:00)",0,50.84,61.0,0.166557377049
259,3,"[2016-10-21 17:00:00,2016-10-21 17:20:00)",0,143.38,123.0,0.165691056911
282,3,"[2016-10-19 08:40:00,2016-10-19 09:00:00)",0,147.92,127.0,0.164724409449
267,3,"[2016-10-18 17:20:00,2016-10-18 17:40:00)",0,114.09,98.0,0.164183673469
351,3,"[2016-10-18 17:20:00,2016-10-18 17:40:00)",1,87.22,75.0,0.162933333333
295,3,"[2016-10-18 18:00:00,2016-10-18 18:20:00)",0,78.69,94.0,0.162872340426
10,1,"[2016-10-23 08:00:00,2016-10-23 08:20:00)",0,34.76,30.0,0.158666666667
393,3,"[2016-10-18 18:20:00,2016-10-18 18:40:00)",1,75.28,65.0,0.158153846154
150,1,"[2016-10-23 09:20:00,2016-10-23 09:40:00)",1,88.51,105.0,0.157047619048
102,1,"[2016-10-20 08:20:00,2016-10-20 08:40:00)",1,115.7,100.0,0.157
415,3,"[2016-10-22 18:40:00,2016-10-22 19:00:00)",1,64.94,77.0,0.156623376623
328,3,"[2016-10-21 09:40:00,2016-10-21 10:00:00)",0,134.11,116.0,0.156120689655
326,3,"[2016-10-20 09:40:00,2016-10-20 10:00:00)",0,135.25,117.0,0.155982905983
361,3,"[2016-10-23 17:20:00,2016-10-23 17:40:00)",1,93.63,81.0,0.155925925926
402,3,"[2016-10-23 09:20:00,2016-10-23 09:40:00)",1,85.52,74.0,0.155675675676
68,1,"[2016-10-24 09:20:00,2016-10-24 09:40:00)",0,55.45,48.0,0.155208333333
271,3,"[2016-10-20 17:20:00,2016-10-20 17:40:00)",0,122.34,106.0,0.154150943396
144,1,"[2016-10-20 09:20:00,2016-10-20 09:40:00)",1,122.27,106.0,0.153490566038
377,3,"[2016-10-24 17:40:00,2016-10-24 18:00:00)",1,92.1,80.0,0.15125
386,3,"[2016-10-22 09:00:00,2016-10-22 09:20:00)",1,93.19,81.0,0.15049382716
369,3,"[2016-10-20 17:40:00,2016-10-20 18:00:00)",1,91.88,80.0,0.1485
278,3,"[2016-10-24 08:20:00,2016-10-24 08:40:00)",0,152.55,179.0,0.147765363128
396,3,"[2016-10-20 09:20:00,2016-10-20 09:40:00)",1,125.94,110.0,0.144909090909
80,1,"[2016-10-23 09:40:00,2016-10-23 10:00:00)",0,48.05,42.0,0.144047619048
123,1,"[2016-10-23 17:40:00,2016-10-23 18:00:00)",1,90.76,106.0,0.143773584906
17,1,"[2016-10-19 17:20:00,2016-10-19 17:40:00)",0,33.14,29.0,0.14275862069
87,1,"[2016-10-19 17:00:00,2016-10-19 17:20:00)",1,77.23,90.0,0.141888888889
98,1,"[2016-10-18 08:20:00,2016-10-18 08:40:00)",1,115.16,134.0,0.140597014925
411,3,"[2016-10-20 18:40:00,2016-10-20 19:00:00)",1,75.26,66.0,0.140303030303
122,1,"[2016-10-23 08:40:00,2016-10-23 09:00:00)",1,95.78,84.0,0.140238095238
95,1,"[2016-10-23 17:00:00,2016-10-23 17:20:00)",1,97.22,113.0,0.139646017699
260,3,"[2016-10-22 08:00:00,2016-10-22 08:20:00)",0,96.42,112.0,0.139107142857
337,3,"[2016-10-18 17:00:00,2016-10-18 17:20:00)",1,88.77,78.0,0.138076923077
380,3,"[2016-10-19 09:00:00,2016-10-19 09:20:00)",1,119.92,139.0,0.13726618705
131,1,"[2016-10-20 18:00:00,2016-10-20 18:20:00)",1,59.59,69.0,0.136376811594
175,2,"[2016-10-21 17:00:00,2016-10-21 17:20:00)",0,77.81,90.0,0.135444444444
134,1,"[2016-10-22 09:00:00,2016-10-22 09:20:00)",1,98.71,87.0,0.134597701149
302,3,"[2016-10-22 09:00:00,2016-10-22 09:20:00)",0,117.7,136.0,0.134558823529
256,3,"[2016-10-20 08:00:00,2016-10-20 08:20:00)",0,141.2,163.0,0.133742331288
200,2,"[2016-10-20 08:40:00,2016-10-20 09:00:00)",0,120.16,106.0,0.13358490566
8,1,"[2016-10-22 08:00:00,2016-10-22 08:20:00)",0,39.65,35.0,0.132857142857
231,2,"[2016-10-21 18:20:00,2016-10-21 18:40:00)",0,58.17,67.0,0.131791044776
159,1,"[2016-10-20 18:40:00,2016-10-20 19:00:00)",1,80.26,71.0,0.130422535211
230,2,"[2016-10-21 09:20:00,2016-10-21 09:40:00)",0,105.07,93.0,0.129784946237
353,3,"[2016-10-19 17:20:00,2016-10-19 17:40:00)",1,84.72,75.0,0.1296
317,3,"[2016-10-22 18:20:00,2016-10-22 18:40:00)",0,80.2,71.0,0.129577464789
255,3,"[2016-10-19 17:00:00,2016-10-19 17:20:00)",0,104.53,120.0,0.128916666667
238,2,"[2016-10-18 09:40:00,2016-10-18 10:00:00)",0,83.42,74.0,0.127297297297
265,3,"[2016-10-24 17:00:00,2016-10-24 17:20:00)",0,116.12,133.0,0.126917293233
146,1,"[2016-10-21 09:20:00,2016-10-21 09:40:00)",1,115.32,132.0,0.126363636364
4,1,"[2016-10-20 08:00:00,2016-10-20 08:20:00)",0,43.72,50.0,0.1256
45,1,"[2016-10-19 18:00:00,2016-10-19 18:20:00)",0,23.61,27.0,0.125555555556
336,3,"[2016-10-18 08:00:00,2016-10-18 08:20:00)",1,104.1,119.0,0.125210084034
1,1,"[2016-10-18 17:00:00,2016-10-18 17:20:00)",0,44.97,40.0,0.12425
258,3,"[2016-10-21 08:00:00,2016-10-21 08:20:00)",0,153.31,175.0,0.123942857143
170,2,"[2016-10-19 08:00:00,2016-10-19 08:20:00)",0,111.32,127.0,0.123464566929
294,3,"[2016-10-18 09:00:00,2016-10-18 09:20:00)",0,154.31,176.0,0.123238636364
234,2,"[2016-10-23 09:20:00,2016-10-23 09:40:00)",0,75.25,67.0,0.123134328358
240,2,"[2016-10-19 09:40:00,2016-10-19 10:00:00)",0,80.05,91.0,0.12032967033
57,1,"[2016-10-18 18:20:00,2016-10-18 18:40:00)",0,25.76,23.0,0.12
28,1,"[2016-10-18 08:40:00,2016-10-18 09:00:00)",0,54.88,49.0,0.12
276,3,"[2016-10-23 08:20:00,2016-10-23 08:40:00)",0,97.43,87.0,0.119885057471
182,2,"[2016-10-18 08:20:00,2016-10-18 08:40:00)",0,114.42,130.0,0.119846153846
120,1,"[2016-10-22 08:40:00,2016-10-22 09:00:00)",1,96.28,86.0,0.119534883721
224,2,"[2016-10-18 09:20:00,2016-10-18 09:40:00)",0,100.69,90.0,0.118777777778
308,3,"[2016-10-18 09:20:00,2016-10-18 09:40:00)",0,145.27,130.0,0.117461538462
254,3,"[2016-10-19 08:00:00,2016-10-19 08:20:00)",0,153.06,137.0,0.117226277372
201,2,"[2016-10-20 17:40:00,2016-10-20 18:00:00)",0,73.58,66.0,0.114848484848
274,3,"[2016-10-22 08:20:00,2016-10-22 08:40:00)",0,108.92,123.0,0.114471544715
185,2,"[2016-10-19 17:20:00,2016-10-19 17:40:00)",0,62.33,56.0,0.113035714286
63,1,"[2016-10-21 18:20:00,2016-10-21 18:40:00)",0,36.37,41.0,0.112926829268
172,2,"[2016-10-20 08:00:00,2016-10-20 08:20:00)",0,115.74,104.0,0.112884615385
307,3,"[2016-10-24 18:00:00,2016-10-24 18:20:00)",0,83.38,75.0,0.111733333333
72,1,"[2016-10-19 09:40:00,2016-10-19 10:00:00)",0,52.41,59.0,0.111694915254
223,2,"[2016-10-24 18:00:00,2016-10-24 18:20:00)",0,58.89,53.0,0.111132075472
300,3,"[2016-10-21 09:00:00,2016-10-21 09:20:00)",0,155.55,140.0,0.111071428571
82,1,"[2016-10-24 09:40:00,2016-10-24 10:00:00)",0,51.63,58.0,0.109827586207
117,1,"[2016-10-20 17:40:00,2016-10-20 18:00:00)",1,100.65,113.0,0.109292035398
320,3,"[2016-10-24 09:20:00,2016-10-24 09:40:00)",0,142.54,160.0,0.109125
218,2,"[2016-10-22 09:00:00,2016-10-22 09:20:00)",0,81.89,74.0,0.106621621622
49,1,"[2016-10-21 18:00:00,2016-10-21 18:20:00)",0,33.98,38.0,0.105789473684
153,1,"[2016-10-24 18:20:00,2016-10-24 18:40:00)",1,75.12,84.0,0.105714285714
60,1,"[2016-10-20 09:20:00,2016-10-20 09:40:00)",0,55.25,50.0,0.105
341,3,"[2016-10-20 17:00:00,2016-10-20 17:20:00)",1,89.48,81.0,0.104691358025
403,3,"[2016-10-23 18:20:00,2016-10-23 18:40:00)",1,78.81,88.0,0.104431818182
313,3,"[2016-10-20 18:20:00,2016-10-20 18:40:00)",0,81.72,74.0,0.104324324324
184,2,"[2016-10-19 08:20:00,2016-10-19 08:40:00)",0,114.72,128.0,0.10375
392,3,"[2016-10-18 09:20:00,2016-10-18 09:40:00)",1,121.91,136.0,0.103602941176
204,2,"[2016-10-22 08:40:00,2016-10-22 09:00:00)",0,86.06,96.0,0.103541666667
263,3,"[2016-10-23 17:00:00,2016-10-23 17:20:00)",0,118.01,107.0,0.102897196262
141,1,"[2016-10-18 18:20:00,2016-10-18 18:40:00)",1,75.36,84.0,0.102857142857
91,1,"[2016-10-21 17:00:00,2016-10-21 17:20:00)",1,104.08,116.0,0.10275862069
342,3,"[2016-10-21 08:00:00,2016-10-21 08:20:00)",1,91.65,102.0,0.101470588235
145,1,"[2016-10-20 18:20:00,2016-10-20 18:40:00)",1,76.0,69.0,0.101449275362
221,2,"[2016-10-23 18:00:00,2016-10-23 18:20:00)",0,53.87,49.0,0.099387755102
398,3,"[2016-10-21 09:20:00,2016-10-21 09:40:00)",1,116.52,106.0,0.0992452830189
241,2,"[2016-10-19 18:40:00,2016-10-19 19:00:00)",0,50.5,56.0,0.0982142857143
64,1,"[2016-10-22 09:20:00,2016-10-22 09:40:00)",0,49.63,55.0,0.0976363636364
96,1,"[2016-10-24 08:00:00,2016-10-24 08:20:00)",1,123.7,137.0,0.0970802919708
168,2,"[2016-10-18 08:00:00,2016-10-18 08:20:00)",0,108.42,120.0,0.0965
363,3,"[2016-10-24 17:20:00,2016-10-24 17:40:00)",1,87.75,97.0,0.0953608247423
211,2,"[2016-10-18 18:00:00,2016-10-18 18:20:00)",0,53.47,59.0,0.0937288135593
86,1,"[2016-10-19 08:00:00,2016-10-19 08:20:00)",1,106.94,118.0,0.0937288135593
406,3,"[2016-10-18 09:40:00,2016-10-18 10:00:00)",1,108.19,99.0,0.0928282828283
261,3,"[2016-10-22 17:00:00,2016-10-22 17:20:00)",0,105.91,97.0,0.0918556701031
355,3,"[2016-10-20 17:20:00,2016-10-20 17:40:00)",1,91.7,84.0,0.0916666666667
304,3,"[2016-10-23 09:00:00,2016-10-23 09:20:00)",0,102.57,94.0,0.091170212766
368,3,"[2016-10-20 08:40:00,2016-10-20 09:00:00)",1,121.81,134.0,0.0909701492537
147,1,"[2016-10-21 18:20:00,2016-10-21 18:40:00)",1,73.64,81.0,0.0908641975309
43,1,"[2016-10-18 18:00:00,2016-10-18 18:20:00)",0,29.43,27.0,0.09
89,1,"[2016-10-20 17:00:00,2016-10-20 17:20:00)",1,96.95,89.0,0.0893258426966
210,2,"[2016-10-18 09:00:00,2016-10-18 09:20:00)",0,102.38,94.0,0.0891489361702
225,2,"[2016-10-18 18:20:00,2016-10-18 18:40:00)",0,57.67,53.0,0.0881132075472
136,1,"[2016-10-23 09:00:00,2016-10-23 09:20:00)",1,87.03,80.0,0.087875
202,2,"[2016-10-21 08:40:00,2016-10-21 09:00:00)",0,113.1,104.0,0.0875
124,1,"[2016-10-24 08:40:00,2016-10-24 09:00:00)",1,123.4,135.0,0.0859259259259
208,2,"[2016-10-24 08:40:00,2016-10-24 09:00:00)",0,117.22,108.0,0.0853703703704
352,3,"[2016-10-19 08:20:00,2016-10-19 08:40:00)",1,124.63,115.0,0.0837391304348
139,1,"[2016-10-24 18:00:00,2016-10-24 18:20:00)",1,74.75,69.0,0.0833333333333
214,2,"[2016-10-20 09:00:00,2016-10-20 09:20:00)",0,114.61,125.0,0.08312
3,1,"[2016-10-19 17:00:00,2016-10-19 17:20:00)",0,34.64,32.0,0.0825
23,1,"[2016-10-22 17:20:00,2016-10-22 17:40:00)",0,44.06,48.0,0.0820833333333
85,1,"[2016-10-18 17:00:00,2016-10-18 17:20:00)",1,100.62,93.0,0.081935483871
343,3,"[2016-10-21 17:00:00,2016-10-21 17:20:00)",1,99.45,92.0,0.0809782608696
26,1,"[2016-10-24 08:20:00,2016-10-24 08:40:00)",0,50.8,47.0,0.0808510638298
288,3,"[2016-10-22 08:40:00,2016-10-22 09:00:00)",0,116.69,108.0,0.080462962963
349,3,"[2016-10-24 17:00:00,2016-10-24 17:20:00)",1,86.42,80.0,0.08025
173,2,"[2016-10-20 17:00:00,2016-10-20 17:20:00)",0,70.84,77.0,0.08
397,3,"[2016-10-20 18:20:00,2016-10-20 18:40:00)",1,84.22,78.0,0.0797435897436
277,3,"[2016-10-23 17:20:00,2016-10-23 17:40:00)",0,114.35,124.0,0.0778225806452
360,3,"[2016-10-23 08:20:00,2016-10-23 08:40:00)",1,74.7,81.0,0.0777777777778
193,2,"[2016-10-23 17:20:00,2016-10-23 17:40:00)",0,60.35,56.0,0.0776785714286
128,1,"[2016-10-19 09:00:00,2016-10-19 09:20:00)",1,111.68,121.0,0.0770247933884
97,1,"[2016-10-24 17:00:00,2016-10-24 17:20:00)",1,99.82,108.0,0.0757407407407
325,3,"[2016-10-19 18:40:00,2016-10-19 19:00:00)",0,73.11,68.0,0.0751470588235
5,1,"[2016-10-20 17:00:00,2016-10-20 17:20:00)",0,35.16,38.0,0.0747368421053
249,2,"[2016-10-23 18:40:00,2016-10-23 19:00:00)",0,53.73,50.0,0.0746
121,1,"[2016-10-22 17:40:00,2016-10-22 18:00:00)",1,81.47,88.0,0.0742045454545
163,1,"[2016-10-22 18:40:00,2016-10-22 19:00:00)",1,57.98,54.0,0.0737037037037
283,3,"[2016-10-19 17:40:00,2016-10-19 18:00:00)",0,103.04,96.0,0.0733333333333
88,1,"[2016-10-20 08:00:00,2016-10-20 08:20:00)",1,113.76,106.0,0.0732075471698
404,3,"[2016-10-24 09:20:00,2016-10-24 09:40:00)",1,121.22,113.0,0.0727433628319
370,3,"[2016-10-21 08:40:00,2016-10-21 09:00:00)",1,126.58,118.0,0.0727118644068
189,2,"[2016-10-21 17:20:00,2016-10-21 17:40:00)",0,80.44,75.0,0.0725333333333
312,3,"[2016-10-20 09:20:00,2016-10-20 09:40:00)",0,141.57,132.0,0.0725
197,2,"[2016-10-18 17:40:00,2016-10-18 18:00:00)",0,71.74,67.0,0.0707462686567
138,1,"[2016-10-24 09:00:00,2016-10-24 09:20:00)",1,118.97,128.0,0.070546875
30,1,"[2016-10-19 08:40:00,2016-10-19 09:00:00)",0,53.52,50.0,0.0704
419,3,"[2016-10-24 18:40:00,2016-10-24 19:00:00)",1,68.88,74.0,0.0691891891892
408,3,"[2016-10-19 09:40:00,2016-10-19 10:00:00)",1,104.73,98.0,0.0686734693878
318,3,"[2016-10-23 09:20:00,2016-10-23 09:40:00)",0,98.3,92.0,0.0684782608696
382,3,"[2016-10-20 09:00:00,2016-10-20 09:20:00)",1,125.0,117.0,0.0683760683761
7,1,"[2016-10-21 17:00:00,2016-10-21 17:20:00)",0,59.74,56.0,0.0667857142857
286,3,"[2016-10-21 08:40:00,2016-10-21 09:00:00)",0,149.3,140.0,0.0664285714286
15,1,"[2016-10-18 17:20:00,2016-10-18 17:40:00)",0,39.22,42.0,0.0661904761905
264,3,"[2016-10-24 08:00:00,2016-10-24 08:20:00)",0,153.21,164.0,0.0657926829268
314,3,"[2016-10-21 09:20:00,2016-10-21 09:40:00)",0,151.37,162.0,0.0656172839506
140,1,"[2016-10-18 09:20:00,2016-10-18 09:40:00)",1,115.06,108.0,0.0653703703704
381,3,"[2016-10-19 18:00:00,2016-10-19 18:20:00)",1,66.39,71.0,0.0649295774648
253,3,"[2016-10-18 17:00:00,2016-10-18 17:20:00)",0,116.0,109.0,0.0642201834862
367,3,"[2016-10-19 17:40:00,2016-10-19 18:00:00)",1,81.45,87.0,0.0637931034483
177,2,"[2016-10-22 17:00:00,2016-10-22 17:20:00)",0,72.31,68.0,0.0633823529412
39,1,"[2016-10-23 17:40:00,2016-10-23 18:00:00)",0,48.88,46.0,0.0626086956522
292,3,"[2016-10-24 08:40:00,2016-10-24 09:00:00)",0,158.42,169.0,0.0626035502959
412,3,"[2016-10-21 09:40:00,2016-10-21 10:00:00)",1,107.21,101.0,0.0614851485149
33,1,"[2016-10-20 17:40:00,2016-10-20 18:00:00)",0,32.95,35.0,0.0585714285714
262,3,"[2016-10-23 08:00:00,2016-10-23 08:20:00)",0,81.06,86.0,0.0574418604651
338,3,"[2016-10-19 08:00:00,2016-10-19 08:20:00)",1,108.46,115.0,0.0568695652174
417,3,"[2016-10-23 18:40:00,2016-10-23 19:00:00)",1,74.64,79.0,0.0551898734177
322,3,"[2016-10-18 09:40:00,2016-10-18 10:00:00)",0,134.0,127.0,0.0551181102362
364,3,"[2016-10-18 08:40:00,2016-10-18 09:00:00)",1,128.63,136.0,0.0541911764706
35,1,"[2016-10-21 17:40:00,2016-10-21 18:00:00)",0,51.08,54.0,0.0540740740741
111,1,"[2016-10-24 17:20:00,2016-10-24 17:40:00)",1,105.95,112.0,0.0540178571429
333,3,"[2016-10-23 18:40:00,2016-10-23 19:00:00)",0,77.99,74.0,0.0539189189189
169,2,"[2016-10-18 17:00:00,2016-10-18 17:20:00)",0,72.71,69.0,0.053768115942
114,1,"[2016-10-19 08:40:00,2016-10-19 09:00:00)",1,114.86,109.0,0.0537614678899
248,2,"[2016-10-23 09:40:00,2016-10-23 10:00:00)",0,82.12,78.0,0.0528205128205
160,1,"[2016-10-21 09:40:00,2016-10-21 10:00:00)",1,109.97,116.0,0.0519827586207
399,3,"[2016-10-21 18:20:00,2016-10-21 18:40:00)",1,76.78,73.0,0.0517808219178
232,2,"[2016-10-22 09:20:00,2016-10-22 09:40:00)",0,84.12,80.0,0.0515
132,1,"[2016-10-21 09:00:00,2016-10-21 09:20:00)",1,112.5,107.0,0.0514018691589
297,3,"[2016-10-19 18:00:00,2016-10-19 18:20:00)",0,74.94,79.0,0.0513924050633
389,3,"[2016-10-23 18:00:00,2016-10-23 18:20:00)",1,74.06,78.0,0.0505128205128
116,1,"[2016-10-20 08:40:00,2016-10-20 09:00:00)",1,119.75,114.0,0.0504385964912
158,1,"[2016-10-20 09:40:00,2016-10-20 10:00:00)",1,120.63,115.0,0.0489565217391
246,2,"[2016-10-22 09:40:00,2016-10-22 10:00:00)",0,80.0,84.0,0.047619047619
324,3,"[2016-10-19 09:40:00,2016-10-19 10:00:00)",0,133.5,140.0,0.0464285714286
378,3,"[2016-10-18 09:00:00,2016-10-18 09:20:00)",1,125.31,120.0,0.04425
279,3,"[2016-10-24 17:20:00,2016-10-24 17:40:00)",0,111.65,107.0,0.0434579439252
332,3,"[2016-10-23 09:40:00,2016-10-23 10:00:00)",0,98.53,103.0,0.0433980582524
52,1,"[2016-10-23 09:00:00,2016-10-23 09:20:00)",0,43.05,45.0,0.0433333333333
0,1,"[2016-10-18 08:00:00,2016-10-18 08:20:00)",0,47.88,50.0,0.0424
275,3,"[2016-10-22 17:20:00,2016-10-22 17:40:00)",0,109.19,114.0,0.0421929824561
2,1,"[2016-10-19 08:00:00,2016-10-19 08:20:00)",0,46.02,48.0,0.04125
20,1,"[2016-10-21 08:20:00,2016-10-21 08:40:00)",0,47.89,46.0,0.0410869565217
112,1,"[2016-10-18 08:40:00,2016-10-18 09:00:00)",1,116.04,121.0,0.0409917355372
100,1,"[2016-10-19 08:20:00,2016-10-19 08:40:00)",1,115.54,111.0,0.0409009009009
222,2,"[2016-10-24 09:00:00,2016-10-24 09:20:00)",0,108.44,113.0,0.0403539823009
190,2,"[2016-10-22 08:20:00,2016-10-22 08:40:00)",0,79.0,76.0,0.0394736842105
407,3,"[2016-10-18 18:40:00,2016-10-18 19:00:00)",1,70.66,68.0,0.0391176470588
188,2,"[2016-10-21 08:20:00,2016-10-21 08:40:00)",0,112.47,117.0,0.0387179487179
167,1,"[2016-10-24 18:40:00,2016-10-24 19:00:00)",1,71.63,69.0,0.038115942029
284,3,"[2016-10-20 08:40:00,2016-10-20 09:00:00)",0,148.4,143.0,0.0377622377622
250,2,"[2016-10-24 09:40:00,2016-10-24 10:00:00)",0,81.92,79.0,0.0369620253165
356,3,"[2016-10-21 08:20:00,2016-10-21 08:40:00)",1,110.02,114.0,0.0349122807018
92,1,"[2016-10-22 08:00:00,2016-10-22 08:20:00)",1,81.62,79.0,0.033164556962
310,3,"[2016-10-19 09:20:00,2016-10-19 09:40:00)",0,142.19,147.0,0.0327210884354
227,2,"[2016-10-19 18:20:00,2016-10-19 18:40:00)",0,52.26,54.0,0.0322222222222
384,3,"[2016-10-21 09:00:00,2016-10-21 09:20:00)",1,119.11,123.0,0.0316260162602
109,1,"[2016-10-23 17:20:00,2016-10-23 17:40:00)",1,101.72,105.0,0.0312380952381
103,1,"[2016-10-20 17:20:00,2016-10-20 17:40:00)",1,102.09,99.0,0.0312121212121
296,3,"[2016-10-19 09:00:00,2016-10-19 09:20:00)",0,149.47,145.0,0.0308275862069
257,3,"[2016-10-20 17:00:00,2016-10-20 17:20:00)",0,132.9,129.0,0.0302325581395
416,3,"[2016-10-23 09:40:00,2016-10-23 10:00:00)",1,84.39,87.0,0.03
365,3,"[2016-10-18 17:40:00,2016-10-18 18:00:00)",1,88.53,86.0,0.0294186046512
366,3,"[2016-10-19 08:40:00,2016-10-19 09:00:00)",1,126.2,130.0,0.0292307692308
164,1,"[2016-10-23 09:40:00,2016-10-23 10:00:00)",1,98.78,96.0,0.0289583333333
270,3,"[2016-10-20 08:20:00,2016-10-20 08:40:00)",0,153.56,158.0,0.0281012658228
293,3,"[2016-10-24 17:40:00,2016-10-24 18:00:00)",0,113.01,110.0,0.0273636363636
47,1,"[2016-10-20 18:00:00,2016-10-20 18:20:00)",0,26.31,27.0,0.0255555555556
90,1,"[2016-10-21 08:00:00,2016-10-21 08:20:00)",1,103.3,106.0,0.0254716981132
174,2,"[2016-10-21 08:00:00,2016-10-21 08:20:00)",0,99.47,97.0,0.0254639175258
53,1,"[2016-10-23 18:00:00,2016-10-23 18:20:00)",0,42.92,44.0,0.0245454545455
362,3,"[2016-10-24 08:20:00,2016-10-24 08:40:00)",1,124.98,122.0,0.0244262295082
192,2,"[2016-10-23 08:20:00,2016-10-23 08:40:00)",0,62.47,61.0,0.0240983606557
418,3,"[2016-10-24 09:40:00,2016-10-24 10:00:00)",1,106.47,109.0,0.0232110091743
104,1,"[2016-10-21 08:20:00,2016-10-21 08:40:00)",1,109.45,107.0,0.0228971962617
186,2,"[2016-10-20 08:20:00,2016-10-20 08:40:00)",0,118.23,121.0,0.0228925619835
127,1,"[2016-10-18 18:00:00,2016-10-18 18:20:00)",1,71.34,73.0,0.0227397260274
299,3,"[2016-10-20 18:00:00,2016-10-20 18:20:00)",0,83.84,82.0,0.0224390243902
130,1,"[2016-10-20 09:00:00,2016-10-20 09:20:00)",1,120.58,118.0,0.0218644067797
306,3,"[2016-10-24 09:00:00,2016-10-24 09:20:00)",0,148.17,145.0,0.0218620689655
354,3,"[2016-10-20 08:20:00,2016-10-20 08:40:00)",1,122.5,120.0,0.0208333333333
203,2,"[2016-10-21 17:40:00,2016-10-21 18:00:00)",0,74.52,73.0,0.0208219178082
31,1,"[2016-10-19 17:40:00,2016-10-19 18:00:00)",0,33.33,34.0,0.0197058823529
319,3,"[2016-10-23 18:20:00,2016-10-23 18:40:00)",0,81.57,80.0,0.019625
133,1,"[2016-10-21 18:00:00,2016-10-21 18:20:00)",1,75.45,74.0,0.0195945945946
156,1,"[2016-10-19 09:40:00,2016-10-19 10:00:00)",1,113.06,111.0,0.0185585585586
212,2,"[2016-10-19 09:00:00,2016-10-19 09:20:00)",0,101.14,103.0,0.0180582524272
181,2,"[2016-10-24 17:00:00,2016-10-24 17:20:00)",0,75.3,74.0,0.0175675675676
346,3,"[2016-10-23 08:00:00,2016-10-23 08:20:00)",1,61.94,61.0,0.0154098360656
12,1,"[2016-10-24 08:00:00,2016-10-24 08:20:00)",0,48.25,49.0,0.015306122449
303,3,"[2016-10-22 18:00:00,2016-10-22 18:20:00)",0,76.81,78.0,0.0152564102564
236,2,"[2016-10-24 09:20:00,2016-10-24 09:40:00)",0,99.47,101.0,0.0151485148515
162,1,"[2016-10-22 09:40:00,2016-10-22 10:00:00)",1,101.51,100.0,0.0151
245,2,"[2016-10-21 18:40:00,2016-10-21 19:00:00)",0,53.24,54.0,0.0140740740741
54,1,"[2016-10-24 09:00:00,2016-10-24 09:20:00)",0,51.27,52.0,0.0140384615385
129,1,"[2016-10-19 18:00:00,2016-10-19 18:20:00)",1,62.14,63.0,0.0136507936508
269,3,"[2016-10-19 17:20:00,2016-10-19 17:40:00)",0,103.58,105.0,0.0135238095238
16,1,"[2016-10-19 08:20:00,2016-10-19 08:40:00)",0,50.66,50.0,0.0132
199,2,"[2016-10-19 17:40:00,2016-10-19 18:00:00)",0,63.16,64.0,0.013125
9,1,"[2016-10-22 17:00:00,2016-10-22 17:20:00)",0,48.42,49.0,0.0118367346939
217,2,"[2016-10-21 18:00:00,2016-10-21 18:20:00)",0,67.78,67.0,0.0116417910448
272,3,"[2016-10-21 08:20:00,2016-10-21 08:40:00)",0,153.75,152.0,0.0115131578947
316,3,"[2016-10-22 09:20:00,2016-10-22 09:40:00)",0,117.33,116.0,0.0114655172414
18,1,"[2016-10-20 08:20:00,2016-10-20 08:40:00)",0,49.48,49.0,0.00979591836735
196,2,"[2016-10-18 08:40:00,2016-10-18 09:00:00)",0,117.09,116.0,0.00939655172414
198,2,"[2016-10-19 08:40:00,2016-10-19 09:00:00)",0,112.97,114.0,0.0090350877193
372,3,"[2016-10-22 08:40:00,2016-10-22 09:00:00)",1,96.59,96.0,0.00614583333333
154,1,"[2016-10-18 09:40:00,2016-10-18 10:00:00)",1,112.31,113.0,0.00610619469027
379,3,"[2016-10-18 18:00:00,2016-10-18 18:20:00)",1,73.4,73.0,0.00547945205479
268,3,"[2016-10-19 08:20:00,2016-10-19 08:40:00)",0,152.79,152.0,0.00519736842105
180,2,"[2016-10-24 08:00:00,2016-10-24 08:20:00)",0,122.6,122.0,0.00491803278689
106,1,"[2016-10-22 08:20:00,2016-10-22 08:40:00)",1,88.61,89.0,0.00438202247191
27,1,"[2016-10-24 17:20:00,2016-10-24 17:40:00)",0,38.84,39.0,0.00410256410256
152,1,"[2016-10-24 09:20:00,2016-10-24 09:40:00)",1,115.57,116.0,0.00370689655172
228,2,"[2016-10-20 09:20:00,2016-10-20 09:40:00)",0,107.67,108.0,0.00305555555556
226,2,"[2016-10-19 09:20:00,2016-10-19 09:40:00)",0,99.72,100.0,0.0028
216,2,"[2016-10-21 09:00:00,2016-10-21 09:20:00)",0,105.19,105.0,0.00180952380952
178,2,"[2016-10-23 08:00:00,2016-10-23 08:20:00)",0,47.95,48.0,0.00104166666667
40,1,"[2016-10-24 08:40:00,2016-10-24 09:00:00)",0,49.95,50.0,0.001
330,3,"[2016-10-22 09:40:00,2016-10-22 10:00:00)",0,110.89,111.0,0.000990990990991
194,2,"[2016-10-24 08:20:00,2016-10-24 08:40:00)",0,122.12,122.0,0.000983606557377
266,3,"[2016-10-18 08:20:00,2016-10-18 08:40:00)",0,152.88,153.0,0.00078431372549
298,3,"[2016-10-20 09:00:00,2016-10-20 09:20:00)",0,138.07,138.0,0.000507246376812
